sample,tumor_expression,normal_mean,normal_sd_used,z_score,two_sided_gaussian_p,DEG_label,abs_z_ge_threshold,MPL_GISTIC,cis_SCNA_event,DEG_if_cis_SCNA_excluded
TCGA-E2-A14W-01,0.0,3.06646460176991,0.673992692165813,-4.549700074515809,5.372243278650406e-06,1,1,0,0,1
TCGA-A1-A0SM-01,1.6288,3.06646460176991,0.673992692165813,-2.13305666141588,0.032920078385221055,0,0,1,0,0
TCGA-AR-A1AV-01,1.3444,3.06646460176991,0.673992692165813,-2.55501969351658,0.010618179025617755,0,0,0,0,0
TCGA-EW-A1PD-01,2.8505,3.06646460176991,0.673992692165813,-0.3204257320297171,0.7486456216751614,0,0,1,0,0
TCGA-EW-A6SA-01,1.0588,3.06646460176991,0.673992692165813,-2.9787631603518823,0.0028941438626954095,1,1,-1,0,1
TCGA-AC-A62V-01,0.0,3.06646460176991,0.673992692165813,-4.549700074515809,5.372243278650406e-06,1,1,0,0,1
TCGA-BH-A0DD-01,2.3507,3.06646460176991,0.673992692165813,-1.0619767989914952,0.2882462179991005,0,0,0,0,0
TCGA-AQ-A54O-01,0.0,3.06646460176991,0.673992692165813,-4.549700074515809,5.372243278650406e-06,1,1,0,0,1
TCGA-D8-A1XS-01,0.5799,3.06646460176991,0.673992692165813,-3.68930498901934,0.0002248675174842387,1,1,-1,0,1
TCGA-A2-A25D-01,1.8506,3.06646460176991,0.673992692165813,-1.8039729746369237,0.07123554372043202,0,0,0,0,0
TCGA-AC-A23H-01,1.6363,3.06646460176991,0.673992692165813,-2.1219289443246168,0.03384370541012,0,0,0,0,0
TCGA-BH-A1F8-01,1.3728,3.06646460176991,0.673992692165813,-2.5128827381309966,0.011974913091441662,0,0,-1,0,0
TCGA-C8-A26Y-01,2.9378,3.06646460176991,0.673992692165813,-0.19089910508741312,0.8486046413170405,0,0,0,0,0
TCGA-D8-A1JK-01,0.8334,3.06646460176991,0.673992692165813,-3.313188151334644,0.0009223890577390256,1,1,0,0,1
TCGA-E2-A9RU-01,0.0,3.06646460176991,0.673992692165813,-4.549700074515809,5.372243278650406e-06,1,1,0,0,1
TCGA-LL-A6FP-01,0.0,3.06646460176991,0.673992692165813,-4.549700074515809,5.372243278650406e-06,1,1,-1,0,1
TCGA-E2-A15O-01,2.5354,3.06646460176991,0.673992692165813,-0.787938219423987,0.430732844066618,0,0,0,0,0
TCGA-BH-A18N-01,1.9446,3.06646460176991,0.673992692165813,-1.6645055870930918,0.09601143547354617,0,0,0,0,0
TCGA-BH-A1FG-01,2.5145,3.06646460176991,0.673992692165813,-0.8189474577183072,0.41281639171000006,0,0,0,0,0
TCGA-D8-A73U-01,1.3929,3.06646460176991,0.673992692165813,-2.4830604563264114,0.013025897838954118,0,0,-1,0,0
TCGA-LL-A5YM-01,0.0,3.06646460176991,0.673992692165813,-4.549700074515809,5.372243278650406e-06,1,1,-1,0,1
TCGA-AC-A3HN-01,1.2639,3.06646460176991,0.673992692165813,-2.674457190296138,0.007485033195511945,0,0,0,0,0
TCGA-BH-A8FY-01,0.0,3.06646460176991,0.673992692165813,-4.549700074515809,5.372243278650406e-06,1,1,0,0,1
TCGA-D8-A1XG-01,1.2116,3.06646460176991,0.673992692165813,-2.7520544708125465,0.00592226693235508,0,0,-1,0,0
TCGA-A2-A1G1-01,2.4829,3.06646460176991,0.673992692165813,-0.8658322390628296,0.38658216681907714,0,0,1,0,0
TCGA-D8-A1XC-01,2.1674,3.06646460176991,0.673992692165813,-1.3339382047019668,0.18222410945399564,0,0,0,0,0
TCGA-A7-A56D-01,0.0,3.06646460176991,0.673992692165813,-4.549700074515809,5.372243278650406e-06,1,1,-1,0,1
TCGA-AC-A2B8-01,2.508,3.06646460176991,0.673992692165813,-0.828591479197402,0.4073356111939796,0,0,0,0,0
TCGA-AQ-A1H2-01,1.8391,3.06646460176991,0.673992692165813,-1.8210354741768606,0.06860146462654178,0,0,0,0,0
TCGA-D8-A1XV-01,2.8845,3.06646460176991,0.673992692165813,-0.26998008121599026,0.787175577670061,0,0,-1,0,0
TCGA-E2-A1LK-01,1.9075,3.06646460176991,0.673992692165813,-1.7195506943045404,0.08551414522099601,0,0,0,0,0
TCGA-LL-A50Y-01,2.2132,3.06646460176991,0.673992692165813,-1.2659849456646532,0.2055184720430074,0,0,0,0,0
TCGA-AR-A1AJ-01,2.088,3.06646460176991,0.673992692165813,-1.4517436363081397,0.14657290121532024,0,0,0,0,0
TCGA-BH-A1EU-01,2.5481,3.06646460176991,0.673992692165813,-0.7690952851494485,0.44183674694374936,0,0,-1,0,0
TCGA-BH-A0WA-01,3.6288,3.06646460176991,0.673992692165813,0.8343345629209675,0.4040924804391712,0,0,0,0,0
TCGA-C8-A131-01,0.8197,3.06646460176991,0.673992692165813,-3.3335147812213517,0.0008575611490859688,1,1,0,0,1
TCGA-S3-AA12-01,0.8638,3.06646460176991,0.673992692165813,-3.2680838047247245,0.0010827829889632722,1,1,0,0,1
TCGA-B6-A0IH-01,2.7284,3.06646460176991,0.673992692165813,-0.5015849662754811,0.6159594966776305,0,0,-1,0,0
TCGA-BH-A0HK-01,1.7558,3.06646460176991,0.673992692165813,-1.9446273186704903,0.05181984888707287,0,0,0,0,0
TCGA-BH-A18G-01,0.0,3.06646460176991,0.673992692165813,-4.549700074515809,5.372243278650406e-06,1,1,0,0,1
TCGA-D8-A1X5-01,0.7993,3.06646460176991,0.673992692165813,-3.3637821717095875,0.0007688219836478662,1,1,-1,0,1
TCGA-D8-A1XZ-01,1.2712,3.06646460176991,0.673992692165813,-2.6636262123273085,0.0077303406685346535,0,0,1,0,0
TCGA-AR-A1AP-01,1.2924,3.06646460176991,0.673992692165813,-2.632171865349338,0.008484093304978511,0,0,-1,0,0
TCGA-BH-A1F0-01,2.0408,3.06646460176991,0.673992692165813,-1.5217740692024897,0.12806570097800699,0,0,1,0,0
TCGA-BH-A204-01,1.4345,3.06646460176991,0.673992692165813,-2.4213387188602047,0.015463461138893077,0,0,-1,0,0
TCGA-BH-A42U-01,2.0645,3.06646460176991,0.673992692165813,-1.4866104831940983,0.13711771744123258,0,0,0,0,0
TCGA-C8-A12K-01,1.027,3.06646460176991,0.673992692165813,-3.0259446808188373,0.0024785764530049765,1,1,0,0,1
TCGA-D8-A145-01,3.1434,3.06646460176991,0.673992692165813,0.11414871277441484,0.9091199073422117,0,0,0,0,0
TCGA-D8-A1JN-01,2.1698,3.06646460176991,0.673992692165813,-1.330377335232763,0.1833939782970151,0,0,0,0,0
TCGA-D8-A1X6-01,1.8501,3.06646460176991,0.673992692165813,-1.8047148224430078,0.07111931914018506,0,0,0,0,0
TCGA-D8-A1Y1-01,0.5213,3.06646460176991,0.673992692165813,-3.7762495518924095,0.00015920748578921693,1,1,-1,0,1
TCGA-E2-A1IH-01,1.4033,3.06646460176991,0.673992692165813,-2.46763002195986,0.013601081604795071,0,0,-1,0,0
TCGA-EW-A1IW-01,1.7956,3.06646460176991,0.673992692165813,-1.885576233306187,0.05935208259830239,0,0,-1,0,0
TCGA-OL-A66J-01,0.7424,3.06646460176991,0.673992692165813,-3.448204452041971,0.0005643266917917214,1,1,0,0,1
TCGA-A7-A0CH-01,1.925,3.06646460176991,0.673992692165813,-1.693586021091593,0.09034397621062243,0,0,0,0,0
TCGA-A7-A13G-01,2.87246526735,3.06646460176991,0.673992692165813,-0.2878359612424155,0.7734723086192954,0,0,0,0,0
TCGA-A7-A3RF-01,1.4564,3.06646460176991,0.673992692165813,-2.3888457849537166,0.0169013951637895,0,0,0,0,0
TCGA-AC-A2FG-01,1.7378,3.06646460176991,0.673992692165813,-1.971333839689522,0.048685703136906684,0,0,0,0,0
TCGA-AC-A3QP-01,0.0,3.06646460176991,0.673992692165813,-4.549700074515809,5.372243278650406e-06,1,1,0,0,1
TCGA-AC-A62Y-01,1.1718,3.06646460176991,0.673992692165813,-2.81110555617685,0.004937158563239003,1,1,0,0,1
TCGA-BH-A18S-01,2.8786,3.06646460176991,0.673992692165813,-0.278733885327784,0.7804490559416857,0,0,0,0,0
TCGA-BH-A1EY-01,1.7756,3.06646460176991,0.673992692165813,-1.9152501455495554,0.05546061019508485,0,0,0,0,0
TCGA-D8-A1JF-01,1.0457,3.06646460176991,0.673992692165813,-2.998199572871288,0.0027157976705387155,1,1,-1,0,1
TCGA-D8-A73W-01,2.4132,3.06646460176991,0.673992692165813,-0.9692458232309689,0.33242255304000695,0,0,-1,0,0
TCGA-E2-A105-01,1.8689,3.06646460176991,0.673992692165813,-1.7768213449342416,0.075597638806372,0,0,0,0,0
TCGA-E2-A14P-01,1.8772,3.06646460176991,0.673992692165813,-1.7645066713532438,0.07764671314688722,0,0,1,0,0
TCGA-LD-A74U-01,2.3701,3.06646460176991,0.673992692165813,-1.0331931041154279,0.30151353936157865,0,0,1,0,0
TCGA-AC-A2BK-01,1.0083,3.06646460176991,0.673992692165813,-3.0536897887663867,0.002260456896635234,1,1,-1,0,1
TCGA-AO-A1KT-01,1.5837,3.06646460176991,0.673992692165813,-2.199971333524676,0.027808928954213278,0,0,0,0,0
TCGA-BH-A0BV-01,1.1652,3.06646460176991,0.673992692165813,-2.8208979472171616,0.004788943501202228,1,1,-1,0,1
TCGA-BH-A0DO-01,2.5812,3.06646460176991,0.673992692165813,-0.7199849603866734,0.47153425553647704,0,0,0,0,0
TCGA-BH-A0HI-01,1.0788,3.06646460176991,0.673992692165813,-2.949089248108513,0.0031871192283058824,1,1,0,0,1
TCGA-BH-A1FC-01,2.1621,3.06646460176991,0.673992692165813,-1.3418017914464595,0.17966027121485745,0,0,1,0,0
TCGA-BH-A203-01,1.195,3.06646460176991,0.673992692165813,-2.776683817974542,0.0054916572333065525,0,0,-1,0,0
TCGA-C8-A12Q-01,0.6257,3.06646460176991,0.673992692165813,-3.6213517299820257,0.0002930677504706724,1,1,0,0,1
TCGA-E2-A1IL-01,2.8163,3.06646460176991,0.673992692165813,-0.37116812196587684,0.7105123149071604,0,0,0,0,0
TCGA-BH-A0W5-01,1.9225,3.06646460176991,0.673992692165813,-1.697295260122014,0.08964085291561202,0,0,0,0,0
TCGA-BH-A209-01,1.0188,3.06646460176991,0.673992692165813,-3.038110984838619,0.002380662581314227,1,1,-1,0,1
TCGA-D8-A1J8-01,0.5608,3.06646460176991,0.673992692165813,-3.7176435752117567,0.00020108970670148195,1,1,-1,0,1
TCGA-D8-A1JS-01,1.6338,3.06646460176991,0.673992692165813,-2.125638183355038,0.033533397715582176,0,0,0,0,0
TCGA-E2-A2P6-01,1.4481,3.06646460176991,0.673992692165813,-2.4011604585347146,0.016343168325042127,0,0,0,0,0
TCGA-EW-A1P5-01,1.5115,3.06646460176991,0.673992692165813,-2.3070941567232364,0.021049571639978035,0,0,-1,0,0
TCGA-LL-A6FQ-01,0.8358,3.06646460176991,0.673992692165813,-3.3096272818654406,0.0009342027994595514,1,1,0,0,1
TCGA-WT-AB44-01,0.0,3.06646460176991,0.673992692165813,-4.549700074515809,5.372243278650406e-06,1,1,-1,0,1
TCGA-AC-A5EH-01,0.0,3.06646460176991,0.673992692165813,-4.549700074515809,5.372243278650406e-06,1,1,-1,0,1
TCGA-B6-A40B-01,1.3842,3.06646460176991,0.673992692165813,-2.4959686081522765,0.012561371739988472,0,0,-1,0,0
TCGA-BH-A0BP-01,2.7027,3.06646460176991,0.673992692165813,-0.5397159435082097,0.5893929430373809,0,0,0,0,0
TCGA-E2-A14O-01,0.0,3.06646460176991,0.673992692165813,-4.549700074515809,5.372243278650406e-06,1,1,-1,0,1
TCGA-E2-A15G-01,1.8803,3.06646460176991,0.673992692165813,-1.7599072149555215,0.07842353981644953,0,0,0,0,0
TCGA-AC-A8OR-01,2.3018,3.06646460176991,0.673992692165813,-1.1345295144265308,0.25657250062569015,0,0,0,0,0
TCGA-AO-A12G-01,0.7092,3.06646460176991,0.673992692165813,-3.4974631463659627,0.0004697056050390195,1,1,0,0,1
TCGA-D8-A27G-01,1.9077,3.06646460176991,0.673992692165813,-1.7192539551821069,0.08556814013486555,0,0,0,0,0
TCGA-EW-A423-01,1.0843,3.06646460176991,0.673992692165813,-2.940928922241587,0.0032722961106501206,1,1,1,0,1
TCGA-OL-A66P-01,1.1048,3.06646460176991,0.673992692165813,-2.9105131621921343,0.0036083576814474366,1,1,0,0,1
TCGA-V7-A7HQ-01,0.0,3.06646460176991,0.673992692165813,-4.549700074515809,5.372243278650406e-06,1,1,0,0,1
TCGA-A2-A1FV-01,1.1359,3.06646460176991,0.673992692165813,-2.8643702286536965,0.004178393249315634,1,1,0,0,1
TCGA-AC-A3YI-01,2.0363,3.06646460176991,0.673992692165813,-1.528450699457247,0.1264006751674336,0,0,0,0,0
TCGA-AC-A5XS-01,1.2563,3.06646460176991,0.673992692165813,-2.685733276948618,0.007237083543434471,0,0,0,0,0
TCGA-AC-A5XU-01,0.0,3.06646460176991,0.673992692165813,-4.549700074515809,5.372243278650406e-06,1,1,-1,0,1
TCGA-C8-A1HM-01,0.8138,3.06646460176991,0.673992692165813,-3.3422685853331453,0.0008309661226152385,1,1,-1,0,1
TCGA-D8-A142-01,1.9417,3.06646460176991,0.673992692165813,-1.6688083043683803,0.09515537642312412,0,0,-1,0,0
TCGA-D8-A1XY-01,2.7486,3.06646460176991,0.673992692165813,-0.4716143149096789,0.6372021071567191,0,0,-1,0,0
TCGA-E2-A1B4-01,0.0,3.06646460176991,0.673992692165813,-4.549700074515809,5.372243278650406e-06,1,1,0,0,1
TCGA-E2-A1IF-01,0.7385,3.06646460176991,0.673992692165813,-3.4539908649294278,0.000552356085292787,1,1,0,0,1
TCGA-E9-A1RE-01,1.3289,3.06646460176991,0.673992692165813,-2.5780169755051907,0.009936911622402605,0,0,-1,0,0
TCGA-E9-A22A-01,1.5749,3.06646460176991,0.673992692165813,-2.213027854911758,0.02689572530798596,0,0,2,1,0
TCGA-OL-A66H-01,1.5302,3.06646460176991,0.673992692165813,-2.279349048775687,0.022646324515112535,0,0,0,0,0
TCGA-A2-A0CS-01,0.0,3.06646460176991,0.673992692165813,-4.549700074515809,5.372243278650406e-06,1,1,-1,0,1
TCGA-AC-A6IW-01,2.6161,3.06646460176991,0.673992692165813,-0.6682039835219955,0.5040033930121036,0,0,1,0,0
TCGA-AR-A0U0-01,0.0,3.06646460176991,0.673992692165813,-4.549700074515809,5.372243278650406e-06,1,1,0,0,1
TCGA-B6-A0I1-01,2.7685,3.06646460176991,0.673992692165813,-0.44208877222752757,0.658424968830275,0,0,1,0,0
TCGA-B6-A0RP-01,1.769,3.06646460176991,0.673992692165813,-1.9250425365898673,0.054224036931512336,0,0,-1,0,0
TCGA-BH-A0BG-01,2.7815,3.06646460176991,0.673992692165813,-0.42280072926933826,0.6724406555443767,0,0,0,0,0
TCGA-BH-A1FR-01,1.3367,3.06646460176991,0.673992692165813,-2.566444149730277,0.010274717018452418,0,0,0,0,0
TCGA-D8-A1JP-01,2.3201,3.06646460176991,0.673992692165813,-1.1073778847238487,0.2681305833909762,0,0,0,0,0
TCGA-E2-A1LL-01,2.4606,3.06646460176991,0.673992692165813,-0.8989186512141853,0.3686959926197269,0,0,0,0,0
TCGA-LD-A9QF-01,2.0436,3.06646460176991,0.673992692165813,-1.517619721488418,0.12911029225868753,0,0,0,0,0
TCGA-UL-AAZ6-01,0.7649,3.06646460176991,0.673992692165813,-3.414821300768182,0.0006382386923768471,1,1,1,0,1
TCGA-A7-A26H-01,1.7825,3.06646460176991,0.673992692165813,-1.9050126458255934,0.056778427302674093,0,0,0,0,0
TCGA-AC-A62X-01,2.3274,3.06646460176991,0.673992692165813,-1.0965469067550193,0.272839507678459,0,0,1,0,0
TCGA-AC-A8OP-01,0.0,3.06646460176991,0.673992692165813,-4.549700074515809,5.372243278650406e-06,1,1,-1,0,1
TCGA-AC-A8OQ-01,3.4666,3.06646460176991,0.673992692165813,0.5936791346272493,0.5527267412463301,0,0,1,0,0
TCGA-AO-A125-01,1.4961,3.06646460176991,0.673992692165813,-2.32994306915063,0.019809160282434037,0,0,0,0,0
TCGA-BH-A0EA-01,1.6663,3.06646460176991,0.673992692165813,-2.0774180759595646,0.0377629892845837,0,0,0,0,0
TCGA-BH-A18U-01,2.3643,3.06646460176991,0.673992692165813,-1.0417985386660042,0.297505091812295,0,0,-1,0,0
TCGA-D8-A1JL-01,1.6916,3.06646460176991,0.673992692165813,-2.039880576971703,0.04136222173569647,0,0,1,0,0
TCGA-D8-A27H-01,3.7366,3.06646460176991,0.673992692165813,0.9942769499127238,0.32008805431204457,0,0,0,0,0
TCGA-E9-A2JS-01,1.7691,3.06646460176991,0.673992692165813,-1.9248941670286506,0.05424259980002137,0,0,-1,0,0
TCGA-OL-A66K-01,1.8223,3.06646460176991,0.673992692165813,-1.84596156046129,0.06489778701628354,0,0,-1,0,0
TCGA-PE-A5DC-01,0.7596,3.06646460176991,0.673992692165813,-3.4226848875126743,0.0006200591314826636,1,1,0,0,1
TCGA-AC-A8OS-01,2.8232,3.06646460176991,0.673992692165813,-0.36093062224191486,0.7181513111778772,0,0,0,0,0
TCGA-B6-A0RO-01,1.5327,3.06646460176991,0.673992692165813,-2.275639809745266,0.022867576583266047,0,0,-1,0,0
TCGA-BH-A0BW-01,2.4692,3.06646460176991,0.673992692165813,-0.886158868949537,0.3755319242407467,0,0,0,0,0
TCGA-D8-A1Y2-01,0.626,3.06646460176991,0.673992692165813,-3.6209066212983756,0.0002935724656446624,1,1,0,0,1
TCGA-E2-A1IK-01,1.7895,3.06646460176991,0.673992692165813,-1.8946267765404143,0.05814186477876462,0,0,0,0,0
TCGA-E9-A1NH-01,1.6764,3.06646460176991,0.673992692165813,-2.0624327502766633,0.039166553972401166,0,0,-1,0,0
TCGA-E9-A22B-01,0.6365,3.06646460176991,0.673992692165813,-3.605327817370607,0.00031175913860895287,1,1,-1,0,1
TCGA-E9-A295-01,0.0,3.06646460176991,0.673992692165813,-4.549700074515809,5.372243278650406e-06,1,1,-1,0,1
TCGA-OL-A5D6-01,2.9504,3.06646460176991,0.673992692165813,-0.17220454037409105,0.8632767285034779,0,0,0,0,0
TCGA-OL-A66L-01,0.8654,3.06646460176991,0.673992692165813,-3.2657098917452547,0.0010919005134458492,1,1,0,0,1
TCGA-S3-A6ZG-01,2.0892,3.06646460176991,0.673992692165813,-1.449963201573538,0.1470687811439602,0,0,-1,0,0
TCGA-A1-A0SB-01,3.925,3.06646460176991,0.673992692165813,1.2738052032452543,0.20273246068797326,0,0,0,0,0
TCGA-A2-A0EN-01,1.9173,3.06646460176991,0.673992692165813,-1.7050104773052899,0.08819247038242436,0,0,-1,0,0
TCGA-A2-A259-01,1.6837,3.06646460176991,0.673992692165813,-2.051601772307834,0.04020837981711631,0,0,0,0,0
TCGA-A7-A425-01,2.3924,3.06646460176991,0.673992692165813,-1.000106691964072,0.31725887795361546,0,0,0,0,0
TCGA-AQ-A0Y5-01,1.8171,3.06646460176991,0.673992692165813,-1.853676777644566,0.06378541597428888,0,0,-1,0,0
TCGA-AR-A1AK-01,3.128,3.06646460176991,0.673992692165813,0.091299800347021,0.9272543766274888,0,0,0,0,0
TCGA-AR-A2LL-01,0.6912,3.06646460176991,0.673992692165813,-3.524169667384994,0.00042481213627709714,1,1,-1,0,1
TCGA-BH-A18T-01,1.0487,3.06646460176991,0.673992692165813,-2.9937484860347827,0.002755730094206719,1,1,0,0,1
TCGA-C8-A12M-01,0.0,3.06646460176991,0.673992692165813,-4.549700074515809,5.372243278650406e-06,1,1,0,0,1
TCGA-D8-A1JT-01,0.9884,3.06646460176991,0.673992692165813,-3.083215331448539,0.0020477692261853444,1,1,0,0,1
TCGA-E9-A1N3-01,1.8432,3.06646460176991,0.673992692165813,-1.8149523221669701,0.06953123677819527,0,0,0,0,0
TCGA-E9-A1R3-01,0.0,3.06646460176991,0.673992692165813,-4.549700074515809,5.372243278650406e-06,1,1,-1,0,1
TCGA-EW-A1J6-01,1.3514,3.06646460176991,0.673992692165813,-2.544633824231401,0.010939238557086438,0,0,-1,0,0
TCGA-EW-A1PB-01,1.3689,3.06646460176991,0.673992692165813,-2.5186691510184533,0.011779928678230916,0,0,1,0,0
TCGA-LL-A7T0-01,0.0,3.06646460176991,0.673992692165813,-4.549700074515809,5.372243278650406e-06,1,1,0,0,1
TCGA-OL-A5D7-01,0.0,3.06646460176991,0.673992692165813,-4.549700074515809,5.372243278650406e-06,1,1,-1,0,1
TCGA-AN-A0XP-01,0.0,3.06646460176991,0.673992692165813,-4.549700074515809,5.372243278650406e-06,1,1,-1,0,1
TCGA-AO-A12H-01,2.4101,3.06646460176991,0.673992692165813,-0.9738452796286907,0.3301333669372286,0,0,0,0,0
TCGA-AR-A2LE-01,1.4141,3.06646460176991,0.673992692165813,-2.451606109348441,0.014222024784757361,0,0,0,0,0
TCGA-BH-A0H9-01,1.162,3.06646460176991,0.673992692165813,-2.8256457731761007,0.0047185412460691726,1,1,-1,0,1
TCGA-BH-A1FL-01,1.9496,3.06646460176991,0.673992692165813,-1.6570871090322499,0.09750186499418796,0,0,0,0,0
TCGA-D8-A1XQ-01,0.5713,3.06646460176991,0.673992692165813,-3.7020647712839887,0.00021385200349652243,1,1,-1,0,1
TCGA-E2-A56Z-01,1.2176,3.06646460176991,0.673992692165813,-2.743152297139536,0.006085245524269524,0,0,0,0,0
TCGA-E2-A576-01,0.8867,3.06646460176991,0.673992692165813,-3.2341071752060673,0.001220236552192455,1,1,-1,0,1
TCGA-E9-A24A-01,0.6245,3.06646460176991,0.673992692165813,-3.623132164716628,0.00029105700661294067,1,1,0,0,1
TCGA-GM-A2D9-01,1.0788,3.06646460176991,0.673992692165813,-2.949089248108513,0.0031871192283058824,1,1,0,0,1
TCGA-LL-A9Q3-01,0.881,3.06646460176991,0.673992692165813,-3.2425642401954273,0.0011845923926717581,1,1,-1,0,1
TCGA-A7-A6VX-01,2.2812,3.06646460176991,0.673992692165813,-1.1650936440372004,0.2439810893800539,0,0,0,0,0
TCGA-AC-A3OD-01,3.09022769502,3.06646460176991,0.673992692165813,0.03525719718670707,0.971874653790361,0,0,0,0,0
TCGA-AN-A0XN-01,2.8669,3.06646460176991,0.673992692165813,-0.29609312399015497,0.7671589649446376,0,0,0,0,0
TCGA-AR-A0TR-01,2.5261,3.06646460176991,0.673992692165813,-0.8017365886171535,0.4227053461499425,0,0,0,0,0
TCGA-AR-A5QN-01,1.5708,3.06646460176991,0.673992692165813,-2.219111006921649,0.026479173401402118,0,0,-1,0,0
TCGA-AR-A5QQ-01,0.8186,3.06646460176991,0.673992692165813,-3.3351468463947374,0.0008525436568629404,1,1,0,0,1
TCGA-B6-A0RQ-01,2.9756,3.06646460176991,0.673992692165813,-0.13481541094744692,0.8927578209044964,0,0,0,0,0
TCGA-BH-A1EO-01,1.4381,3.06646460176991,0.673992692165813,-2.4159974146563985,0.015692172765857253,0,0,0,0,0
TCGA-C8-A3M8-01,1.3185,3.06646460176991,0.673992692165813,-2.593447409871742,0.009501906996564325,0,0,0,0,0
TCGA-D8-A4Z1-01,0.8382,3.06646460176991,0.673992692165813,-3.3060664123962358,0.0009461565913945916,1,1,0,0,1
TCGA-E2-A154-01,1.3017,3.06646460176991,0.673992692165813,-2.6183734961561713,0.008835004348630427,0,0,-1,0,0
TCGA-E9-A1RF-01,1.1207,3.06646460176991,0.673992692165813,-2.8869224019586563,0.0038903016334692286,1,1,0,0,1
TCGA-EW-A1P1-01,2.9169,3.06646460176991,0.673992692165813,-0.22190834338173338,0.8243852353762781,0,0,0,0,0
TCGA-XX-A89A-01,2.6906,3.06646460176991,0.673992692165813,-0.5576686604154479,0.5770706618369152,0,0,2,1,0
TCGA-A1-A0SO-01,2.2428,3.06646460176991,0.673992692165813,-1.222067555544468,0.22168208112038876,0,0,1,0,0
TCGA-A2-A0CW-01,2.1478,3.06646460176991,0.673992692165813,-1.363018638700468,0.1728766365196314,0,0,-1,0,0
TCGA-A2-A0YF-01,2.4411,3.06646460176991,0.673992692165813,-0.9278507156514695,0.35348501235559965,0,0,-1,0,0
TCGA-A2-A0YM-01,3.8832,3.06646460176991,0.673992692165813,1.2117867266566145,0.22559403052916666,0,0,2,1,0
TCGA-AN-A0XV-01,0.6463,3.06646460176991,0.673992692165813,-3.5907876003713564,0.0003296802229264416,1,1,0,0,1
TCGA-B6-A0WV-01,0.7662,3.06646460176991,0.673992692165813,-3.4128924964723626,0.0006427729274198976,1,1,-1,0,1
TCGA-BH-A1EX-01,1.9882,3.06646460176991,0.673992692165813,-1.5998164584025487,0.10963930655248423,0,0,0,0,0
TCGA-C8-A12L-01,0.7432,3.06646460176991,0.673992692165813,-3.4470174955522364,0.0005668118748231925,1,1,-1,0,1
TCGA-E2-A10B-01,1.753,3.06646460176991,0.673992692165813,-1.948781666384562,0.051321504105682716,0,0,0,0,0
TCGA-E9-A1RD-01,2.3704,3.06646460176991,0.673992692165813,-1.0327479954317769,0.3017218463827737,0,0,0,0,0
TCGA-GM-A4E0-01,2.0356,3.06646460176991,0.673992692165813,-1.5294892863857652,0.12614319300811389,0,0,-1,0,0
TCGA-LL-A73Y-01,3.1404,3.06646460176991,0.673992692165813,0.1096976259379094,0.9126491832814773,0,0,1,0,0
TCGA-OL-A97C-01,1.0601,3.06646460176991,0.673992692165813,-2.9768343560560626,0.002912413174447695,1,1,0,0,1
TCGA-S3-AA11-01,2.0092,3.06646460176991,0.673992692165813,-1.568658850547012,0.11672745169014216,0,0,0,0,0
TCGA-A2-A04N-01,1.8251,3.06646460176991,0.673992692165813,-1.8418072127472187,0.06550335465522832,0,0,0,0,0
TCGA-A2-A0SU-01,1.5921,3.06646460176991,0.673992692165813,-2.1875082903824614,0.028705438674581318,0,0,0,0,0
TCGA-A2-A25F-01,0.9523,3.06646460176991,0.673992692165813,-3.1367767430478186,0.0017081614455011673,1,1,0,0,1
TCGA-A2-A4S1-01,0.0,3.06646460176991,0.673992692165813,-4.549700074515809,5.372243278650406e-06,1,1,0,0,1
TCGA-AC-A3YJ-01,1.9908,3.06646460176991,0.673992692165813,-1.595958849810911,0.11049798100637637,0,0,0,0,0
TCGA-AR-A0TV-01,2.8751,3.06646460176991,0.673992692165813,-0.2839268199703732,0.7764664625695903,0,0,0,0,0
TCGA-BH-A1FJ-01,2.5096,3.06646460176991,0.673992692165813,-0.8262175662179327,0.4086806852759314,0,0,0,0,0
TCGA-D8-A1X9-01,1.5139,3.06646460176991,0.673992692165813,-2.303533287254032,0.021248856503345077,0,0,0,0,0
TCGA-D8-A27E-01,2.7409,3.06646460176991,0.673992692165813,-0.4830387711233762,0.6290682074823819,0,0,0,0,0
TCGA-E2-A15M-01,2.1561,3.06646460176991,0.673992692165813,-1.3507039651194703,0.1767902816219722,0,0,0,0,0
TCGA-E9-A1R4-01,1.5837,3.06646460176991,0.673992692165813,-2.199971333524676,0.027808928954213278,0,0,-1,0,0
TCGA-OL-A5S0-01,1.7252,3.06646460176991,0.673992692165813,-1.990028404402844,0.04658780662219208,0,0,0,0,0
TCGA-W8-A86G-01,0.8247,3.06646460176991,0.673992692165813,-3.3260963031605097,0.0008807149396512462,1,1,0,0,1
TCGA-A7-A26I-01,4.47077808095,3.06646460176991,0.673992692165813,2.083573747168472,0.037198957070451295,0,0,0,0,0
TCGA-AC-A2FB-01,1.9818,3.06646460176991,0.673992692165813,-1.6093121103204266,0.10754811234737503,0,0,0,0,0
TCGA-AC-A2FO-01,2.4299,3.06646460176991,0.673992692165813,-0.9444681065077559,0.34493049240411544,0,0,0,0,0
TCGA-AC-A3W5-01,1.193,3.06646460176991,0.673992692165813,-2.779651209198879,0.005441731218006881,0,0,0,0,0
TCGA-AR-A1AW-01,1.1884,3.06646460176991,0.673992692165813,-2.7864762090148543,0.005328452928758085,0,0,-1,0,0
TCGA-AR-A1AY-01,3.0955,3.06646460176991,0.673992692165813,0.04307969295154693,0.9656380069461786,0,0,0,0,0
TCGA-AR-A24H-01,0.5237,3.06646460176991,0.673992692165813,-3.7726886824232055,0.00016149774983467948,1,1,-1,0,1
TCGA-AR-A2LN-01,2.7694,3.06646460176991,0.673992692165813,-0.44075344617657586,0.6593914995316354,0,0,0,0,0
TCGA-BH-A0H7-01,1.0481,3.06646460176991,0.673992692165813,-2.9946387034020843,0.0027477009581327325,1,1,-1,0,1
TCGA-BH-A0HP-01,1.8825,3.06646460176991,0.673992692165813,-1.7566430846087508,0.07897866435072422,0,0,0,0,0
TCGA-C8-A133-01,1.2016,3.06646460176991,0.673992692165813,-2.766891426934231,0.005659359967799948,0,0,0,0,0
TCGA-D8-A1Y0-01,2.0468,3.06646460176991,0.673992692165813,-1.5128718955294786,0.1303122020144586,0,0,0,0,0
TCGA-E2-A15L-01,1.6389,3.06646460176991,0.673992692165813,-2.1180713357329792,0.03416902669139853,0,0,0,0,0
TCGA-E2-A15T-01,2.2612,3.06646460176991,0.673992692165813,-1.1947675562805689,0.23217785952815084,0,0,0,0,0
TCGA-E9-A5FL-01,1.0304,3.06646460176991,0.673992692165813,-3.0209001157374646,0.00252024483024196,1,1,0,0,1
TCGA-GM-A5PX-01,0.6237,3.06646460176991,0.673992692165813,-3.624319121206363,0.00028972369826923755,1,1,0,0,1
TCGA-S3-AA10-01,1.6111,3.06646460176991,0.673992692165813,-2.1593180737512614,0.030825498904400738,0,0,0,0,0
TCGA-AR-A0TX-01,1.0939,3.06646460176991,0.673992692165813,-2.92668544436477,0.003425951912010772,1,1,0,0,1
TCGA-AR-A1AX-01,2.4705,3.06646460176991,0.673992692165813,-0.884230064653718,0.3765720319421758,0,0,0,0,0
TCGA-BH-A0DL-01,1.6435,3.06646460176991,0.673992692165813,-2.1112463359170044,0.034751143996565696,0,0,1,0,0
TCGA-BH-A201-01,1.0565,3.06646460176991,0.673992692165813,-2.9821756602598692,0.0028620772966205677,1,1,0,0,1
TCGA-C8-A135-01,1.9929,3.06646460176991,0.673992692165813,-1.5928430890253573,0.11119539603242544,0,0,-1,0,0
TCGA-D8-A1XA-01,3.0957,3.06646460176991,0.673992692165813,0.04337643207398058,0.9654014644952954,0,0,0,0,0
TCGA-D8-A27P-01,2.3422,3.06646460176991,0.673992692165813,-1.0745882116949266,0.28255913193476123,0,0,0,0,0
TCGA-E2-A109-01,1.6456,3.06646460176991,0.673992692165813,-2.1081305751314505,0.035019696379011776,0,0,-1,0,0
TCGA-E2-A14Z-01,1.2741,3.06646460176991,0.673992692165813,-2.65932349505202,0.007829774376273456,0,0,-1,0,0
TCGA-E2-A15F-01,2.706,3.06646460176991,0.673992692165813,-0.5348197479880541,0.5927745060990048,0,0,0,0,0
TCGA-E2-A15R-01,1.1935,3.06646460176991,0.673992692165813,-2.778909361392795,0.005454174158811626,0,0,-1,0,0
TCGA-E9-A1R7-01,1.497,3.06646460176991,0.673992692165813,-2.328607743099678,0.019879855490437137,0,0,2,1,0
TCGA-EW-A1P6-01,1.3921,3.06646460176991,0.673992692165813,-2.484247412816146,0.012982557307620707,0,0,0,0,0
TCGA-LL-A5YL-01,0.0,3.06646460176991,0.673992692165813,-4.549700074515809,5.372243278650406e-06,1,1,-1,0,1
TCGA-PE-A5DD-01,2.0779,3.06646460176991,0.673992692165813,-1.4667289619910409,0.14244980099773388,0,0,0,0,0
TCGA-S3-A6ZF-01,1.4421,3.06646460176991,0.673992692165813,-2.410062632207725,0.015949782151551895,0,0,-1,0,0
TCGA-S3-AA17-01,1.9706,3.06646460176991,0.673992692165813,-1.625929501176713,0.1039646534674183,0,0,0,0,0
TCGA-5L-AAT1-01,1.1299,3.06646460176991,0.673992692165813,-2.873272402326707,0.004062436715781124,1,1,0,0,1
TCGA-A2-A0YD-01,2.0577,3.06646460176991,0.673992692165813,-1.496699613356843,0.1344714369276132,0,0,0,0,0
TCGA-A2-A0YG-01,1.7226,3.06646460176991,0.673992692165813,-1.9938860129944822,0.04616451283871309,0,0,-1,0,0
TCGA-A2-A1FZ-01,1.6279,3.06646460176991,0.673992692165813,-2.134391987466832,0.03281070692954645,0,0,0,0,0
TCGA-AC-A4ZE-01,3.4472,3.06646460176991,0.673992692165813,0.5648954397511817,0.5721448856408999,0,0,0,0,0
TCGA-AN-A0XS-01,0.6015,3.06646460176991,0.673992692165813,-3.6572571637965017,0.0002549285839521554,1,1,-1,0,1
TCGA-AO-A12B-01,2.0856,3.06646460176991,0.673992692165813,-1.4553045057773444,0.14558497980572796,0,0,0,0,0
TCGA-BH-A0DH-01,0.677,3.06646460176991,0.673992692165813,-3.5452381450777857,0.0003922585148587103,1,1,0,0,1
TCGA-BH-A0DI-01,1.5653,3.06646460176991,0.673992692165813,-2.2272713327885754,0.025929145240020723,0,0,0,0,0
TCGA-BH-A18H-01,0.8542,3.06646460176991,0.673992692165813,-3.2823272826015413,0.0010295403488845883,1,1,0,0,1
TCGA-BH-A5J0-01,0.0,3.06646460176991,0.673992692165813,-4.549700074515809,5.372243278650406e-06,1,1,-1,0,1
TCGA-C8-A274-01,2.7524,3.06646460176991,0.673992692165813,-0.4659762715834389,0.6412324851959295,0,0,-1,0,0
TCGA-E2-A1AZ-01,0.0,3.06646460176991,0.673992692165813,-4.549700074515809,5.372243278650406e-06,1,1,1,0,1
TCGA-E2-A1BC-01,0.0,3.06646460176991,0.673992692165813,-4.549700074515809,5.372243278650406e-06,1,1,0,0,1
TCGA-E9-A1R5-01,1.0734,3.06646460176991,0.673992692165813,-2.957101204414223,0.0031054617150518145,1,1,-1,0,1
TCGA-E9-A1R6-01,1.9814,3.06646460176991,0.673992692165813,-1.6099055885652938,0.1074184687788493,0,0,0,0,0
TCGA-E9-A1RH-01,1.4323,3.06646460176991,0.673992692165813,-2.4246028492069756,0.015325141704879156,0,0,-1,0,0
TCGA-E9-A2JT-01,1.6702,3.06646460176991,0.673992692165813,-2.0716316630721074,0.038299804742631144,0,0,0,0,0
TCGA-E9-A54Y-01,0.0,3.06646460176991,0.673992692165813,-4.549700074515809,5.372243278650406e-06,1,1,-1,0,1
TCGA-GI-A2C8-01,2.379,3.06646460176991,0.673992692165813,-1.0199882131671285,0.30773405084844707,0,0,-1,0,0
TCGA-GM-A3NW-01,2.0492,3.06646460176991,0.673992692165813,-1.509311026060275,0.13121931830003322,0,0,-1,0,0
TCGA-GM-A5PV-01,0.6728,3.06646460176991,0.673992692165813,-3.5514696666488934,0.0003830861467754805,1,1,0,0,1
TCGA-OL-A5RU-01,1.2521,3.06646460176991,0.673992692165813,-2.6919647985197255,0.007103244224462298,0,0,0,0,0
TCGA-S3-AA0Z-01,2.9288,3.06646460176991,0.673992692165813,-0.2042523655969294,0.838156291954644,0,0,0,0,0
TCGA-UU-A93S-01,1.0573,3.06646460176991,0.673992692165813,-2.980988703770135,0.0028731939100501086,1,1,0,0,1
TCGA-3C-AALJ-01,1.9029,3.06646460176991,0.673992692165813,-1.726375694120515,0.08427984560343724,0,0,-1,0,0
TCGA-A2-A0ST-01,2.7068,3.06646460176991,0.673992692165813,-0.5336327914983194,0.5935956164328844,0,0,0,0,0
TCGA-A2-A0SY-01,2.4807,3.06646460176991,0.673992692165813,-0.8690963694095998,0.38479442235582684,0,0,0,0,0
TCGA-A2-A0T4-01,0.0,3.06646460176991,0.673992692165813,-4.549700074515809,5.372243278650406e-06,1,1,-1,0,1
TCGA-A2-A0YI-01,2.3863,3.06646460176991,0.673992692165813,-1.0091572351982994,0.31289923235338396,0,0,1,0,0
TCGA-A2-A1FW-01,2.1249,3.06646460176991,0.673992692165813,-1.3969952682191253,0.1624149940367374,0,0,-1,0,0
TCGA-A2-A4S2-01,1.3495,3.06646460176991,0.673992692165813,-2.547452845894521,0.010851251712811769,0,0,0,0,0
TCGA-A7-A0DA-01,2.8213,3.06646460176991,0.673992692165813,-0.3637496439050349,0.7160449685948725,0,0,1,0,0
TCGA-A7-A5ZV-01,3.1664,3.06646460176991,0.673992692165813,0.14827371185428811,0.8821267609199415,0,0,1,0,0
TCGA-AC-A23C-01,1.4399,3.06646460176991,0.673992692165813,-2.4133267625544956,0.015807640546589195,0,0,0,0,0
TCGA-AR-A255-01,1.117,3.06646460176991,0.673992692165813,-2.8924120757236795,0.0038229616875600676,1,1,-1,0,1
TCGA-AR-A2LK-01,1.3654,3.06646460176991,0.673992692165813,-2.523862085661043,0.011607345594517274,0,0,-1,0,0
TCGA-AR-A5QM-01,1.9552,3.06646460176991,0.673992692165813,-1.6487784136041066,0.09919303885748511,0,0,0,0,0
TCGA-B6-A0X4-01,2.4677,3.06646460176991,0.673992692165813,-0.8883844123677898,0.37433400721097276,0,0,0,0,0
TCGA-B6-A0X7-01,2.2935,3.06646460176991,0.673992692165813,-1.146844188007529,0.2514460228523812,0,0,0,0,0
TCGA-B6-A2IU-01,1.0882,3.06646460176991,0.673992692165813,-2.93514250935413,0.003333945307621897,1,1,0,0,1
TCGA-BH-A0C0-01,2.3849,3.06646460176991,0.673992692165813,-1.011234409055335,0.3119042506208433,0,0,1,0,0
TCGA-BH-A0DE-01,1.1649,3.06646460176991,0.673992692165813,-2.8213430559008117,0.004782303137423707,1,1,-1,0,1
TCGA-BH-A0DX-01,1.5143,3.06646460176991,0.673992692165813,-2.302939809009165,0.021282229929857968,0,0,0,0,0
TCGA-BH-A1F5-01,0.0,3.06646460176991,0.673992692165813,-4.549700074515809,5.372243278650406e-06,1,1,0,0,1
TCGA-C8-A12X-01,1.0721,3.06646460176991,0.673992692165813,-2.959030008710042,0.0030860904780634683,1,1,0,0,1
TCGA-D8-A140-01,2.7968,3.06646460176991,0.673992692165813,-0.40010018640316086,0.6890827269365358,0,0,0,0,0
TCGA-D8-A1JE-01,1.3048,3.06646460176991,0.673992692165813,-2.6137740397584497,0.008954823821804585,0,0,-1,0,0
TCGA-D8-A1JG-01,2.069,3.06646460176991,0.673992692165813,-1.47993385293934,0.13889090023704728,0,0,0,0,0
TCGA-D8-A1XB-01,1.6645,3.06646460176991,0.673992692165813,-2.0800887280614675,0.037517395292033365,0,0,0,0,0
TCGA-D8-A27V-01,1.7783,3.06646460176991,0.673992692165813,-1.9112441673967009,0.05597321036636182,0,0,0,0,0
TCGA-E2-A14R-01,1.6591,3.06646460176991,0.673992692165813,-2.088100684367177,0.03678875334080618,0,0,1,0,0
TCGA-E9-A1NG-01,1.0117,3.06646460176991,0.673992692165813,-3.048645223685014,0.002298757766349217,1,1,0,0,1
TCGA-E9-A1RG-01,1.3647,3.06646460176991,0.673992692165813,-2.524900672589561,0.011573099430435036,0,0,-1,0,0
TCGA-EW-A6SB-01,2.5144,3.06646460176991,0.673992692165813,-0.8190958272795238,0.41273174242870675,0,0,1,0,0
TCGA-GM-A2DB-01,1.1245,3.06646460176991,0.673992692165813,-2.881284358632416,0.003960581442225656,1,1,0,0,1
TCGA-A1-A0SG-01,2.2178,3.06646460176991,0.673992692165813,-1.2591599458486786,0.20797256573316722,0,0,0,0,0
TCGA-A2-A0YK-01,2.3716,3.06646460176991,0.673992692165813,-1.030967560697175,0.3025560322711108,0,0,1,0,0
TCGA-A2-A1FX-01,1.702,3.06646460176991,0.673992692165813,-2.0244501426051515,0.04292385695177701,0,0,-1,0,0
TCGA-AN-A0XL-01,2.4023,3.06646460176991,0.673992692165813,-0.9854181054036045,0.32441873986941105,0,0,0,0,0
TCGA-AO-A128-01,3.4901,3.06646460176991,0.673992692165813,0.6285459815132071,0.5296463345386634,0,0,1,0,0
TCGA-AQ-A04H-01,1.8157,3.06646460176991,0.673992692165813,-1.8557539515016017,0.06348863688040074,0,0,0,0,0
TCGA-AR-A24S-01,1.8801,3.06646460176991,0.673992692165813,-1.760203954077955,0.07837323181183466,0,0,1,0,0
TCGA-B6-A0WT-01,3.1376,3.06646460176991,0.673992692165813,0.1055432782238376,0.9159447306777184,0,0,0,0,0
TCGA-B6-A0X5-01,1.9069,3.06646460176991,0.673992692165813,-1.7204409116718415,0.08535232570802136,0,0,0,0,0
TCGA-BH-A0C1-01,2.2972,3.06646460176991,0.673992692165813,-1.1413545142425054,0.25372242502682,0,0,-1,0,0
TCGA-BH-A6R9-01,0.0,3.06646460176991,0.673992692165813,-4.549700074515809,5.372243278650406e-06,1,1,0,0,1
TCGA-C8-A278-01,0.0,3.06646460176991,0.673992692165813,-4.549700074515809,5.372243278650406e-06,1,1,2,1,0
TCGA-D8-A1XT-01,1.537,3.06646460176991,0.673992692165813,-2.2692599186129416,0.023252524417280162,0,0,2,1,0
TCGA-D8-A1Y3-01,0.6045,3.06646460176991,0.673992692165813,-3.652806076959997,0.00025939012554647564,1,1,1,0,1
TCGA-E2-A156-01,1.6556,3.06646460176991,0.673992692165813,-2.0932936190097666,0.03632295192214345,0,0,0,0,0
TCGA-E2-A15C-01,1.2292,3.06646460176991,0.673992692165813,-2.7259414280383822,0.006411837532496635,0,0,0,0,0
TCGA-E2-A15P-01,1.9451,3.06646460176991,0.673992692165813,-1.6637637392870077,0.09615965296150873,0,0,-1,0,0
TCGA-E2-A1IE-01,0.9198,3.06646460176991,0.673992692165813,-3.1849968504432926,0.001447555836778956,1,1,0,0,1
TCGA-E9-A1QZ-01,1.6368,3.06646460176991,0.673992692165813,-2.1211870965185327,0.033906060706823914,0,0,-1,0,0
TCGA-EW-A1J3-01,2.0395,3.06646460176991,0.673992692165813,-1.5237028734983087,0.12758295133598396,0,0,0,0,0
TCGA-LL-A440-01,1.9336,3.06646460176991,0.673992692165813,-1.6808262388269446,0.092796670489648,0,0,0,0,0
TCGA-LL-A740-01,1.2453,3.06646460176991,0.673992692165813,-2.7020539286824707,0.006891258400503371,0,0,0,0,0
TCGA-LL-A8F5-01,0.914,3.06646460176991,0.673992692165813,-3.1936022849938692,0.001405095504261673,1,1,1,0,1
TCGA-OL-A5DA-01,1.589,3.06646460176991,0.673992692165813,-2.1921077467801835,0.0283717275191647,0,0,0,0,0
TCGA-Z7-A8R5-01,0.9195,3.06646460176991,0.673992692165813,-3.1854419591269427,0.0014453309280817513,1,1,-1,0,1
TCGA-A2-A0CK-01,1.5307,3.06646460176991,0.673992692165813,-2.278607200969603,0.022690425503990214,0,0,0,0,0
TCGA-AR-A1AL-01,2.1298,3.06646460176991,0.673992692165813,-1.3897251597195,0.16461235173760574,0,0,0,0,0
TCGA-B6-A0RL-01,2.1194,3.06646460176991,0.673992692165813,-1.4051555940860512,0.1599750155062241,0,0,-1,0,0
TCGA-B6-A0RN-01,1.2079,3.06646460176991,0.673992692165813,-2.7575441445775697,0.00582373492754196,0,0,0,0,0
TCGA-BH-A0BC-01,1.0109,3.06646460176991,0.673992692165813,-3.049832180174749,0.0022896926965678224,1,1,0,0,1
TCGA-BH-A0DP-01,2.3733,3.06646460176991,0.673992692165813,-1.0284452781564888,0.30374041918671746,0,0,0,0,0
TCGA-BH-A18P-01,1.4458,3.06646460176991,0.673992692165813,-2.4045729584427016,0.01619137389572024,0,0,-1,0,0
TCGA-BH-A202-01,1.2624,3.06646460176991,0.673992692165813,-2.6766827337143906,0.0074355006962308345,0,0,0,0,0
TCGA-C8-A3M7-01,2.8651,3.06646460176991,0.673992692165813,-0.29876377609205784,0.7651202917315336,0,0,-1,0,0
TCGA-E2-A1IN-01,2.3888,3.06646460176991,0.673992692165813,-1.0054479961678784,0.3146811785189355,0,0,0,0,0
TCGA-E2-A1IU-01,1.2331,3.06646460176991,0.673992692165813,-2.7201550151509255,0.006525131920099876,0,0,0,0,0
TCGA-E9-A1NF-01,2.552,3.06646460176991,0.673992692165813,-0.7633088722619912,0.4452792120737706,0,0,0,0,0
TCGA-E9-A5FK-01,0.0,3.06646460176991,0.673992692165813,-4.549700074515809,5.372243278650406e-06,1,1,-1,0,1
TCGA-EW-A6SC-01,0.7448,3.06646460176991,0.673992692165813,-3.4446435825727666,0.0005718128456927727,1,1,0,0,1
TCGA-A1-A0SD-01,1.912,3.06646460176991,0.673992692165813,-1.7128740640497826,0.08673571068432316,0,0,-1,0,0
TCGA-A2-A0T0-01,0.0,3.06646460176991,0.673992692165813,-4.549700074515809,5.372243278650406e-06,1,1,1,0,1
TCGA-A2-A0YC-01,2.0061,3.06646460176991,0.673992692165813,-1.573258306944734,0.11565901917498995,0,0,0,0,0
TCGA-A2-A4S3-01,0.0,3.06646460176991,0.673992692165813,-4.549700074515809,5.372243278650406e-06,1,1,0,0,1
TCGA-AN-A0XO-01,1.813,3.06646460176991,0.673992692165813,-1.8597599296544567,0.06291949888699634,0,0,0,0,0
TCGA-AO-A03N-01,0.0,3.06646460176991,0.673992692165813,-4.549700074515809,5.372243278650406e-06,1,1,-1,0,1
TCGA-AR-A0U3-01,0.9138,3.06646460176991,0.673992692165813,-3.1938990241163028,0.0014036520479753709,1,1,-1,0,1
TCGA-AR-A2LQ-01,2.2762,3.06646460176991,0.673992692165813,-1.172512122098043,0.2409915081517857,0,0,1,0,0
TCGA-BH-A0BZ-01,0.9971,3.06646460176991,0.673992692165813,-3.0703071796226733,0.002138387131882763,1,1,1,0,1
TCGA-BH-A0RX-01,1.6839,3.06646460176991,0.673992692165813,-2.0513050331854,0.040237250640234645,0,0,0,0,0
TCGA-C8-A1HE-01,1.9487,3.06646460176991,0.673992692165813,-1.6584224350832013,0.09723223136488436,0,0,0,0,0
TCGA-C8-A26Z-01,2.1069,3.06646460176991,0.673992692165813,-1.4237017892381567,0.15453281556319967,0,0,0,0,0
TCGA-C8-A8HP-01,2.5334,3.06646460176991,0.673992692165813,-0.7909056106483242,0.42899907408041954,0,0,0,0,0
TCGA-D8-A1JC-01,1.4952,3.06646460176991,0.673992692165813,-2.3312783952015814,0.019738684681908085,0,0,-1,0,0
TCGA-D8-A1JM-01,2.4109,3.06646460176991,0.673992692165813,-0.9726583231389562,0.3307231453224618,0,0,0,0,0
TCGA-D8-A27M-01,2.4827,3.06646460176991,0.673992692165813,-0.8661289781852632,0.3864194354471486,0,0,1,0,0
TCGA-E2-A1LA-01,0.7643,3.06646460176991,0.673992692165813,-3.4157115181354825,0.0006361560190088161,1,1,0,0,1
TCGA-E2-A1LH-01,2.8093,3.06646460176991,0.673992692165813,-0.381553991251056,0.7027922163783078,0,0,0,0,0
TCGA-E9-A247-01,0.6103,3.06646460176991,0.673992692165813,-3.6442006424094195,0.0002682241215377778,1,1,-1,0,1
TCGA-EW-A1J5-01,2.928,3.06646460176991,0.673992692165813,-0.20543932208666404,0.8372289008135261,0,0,0,0,0
TCGA-EW-A1P7-01,3.0883,3.06646460176991,0.673992692165813,0.03239708454393413,0.9741553874661107,0,0,0,0,0
TCGA-EW-A1PA-01,2.8355,3.06646460176991,0.673992692165813,-0.3426811662122429,0.7318383329441054,0,0,0,0,0
TCGA-EW-A2FR-01,1.0573,3.06646460176991,0.673992692165813,-2.980988703770135,0.0028731939100501086,1,1,-1,0,1
TCGA-OK-A5Q2-01,2.0356,3.06646460176991,0.673992692165813,-1.5294892863857652,0.12614319300811389,0,0,0,0,0
TCGA-OL-A66N-01,1.2739,3.06646460176991,0.673992692165813,-2.659620234174454,0.007822880270936685,0,0,-1,0,0
TCGA-AC-A2QH-01,1.18064878186,3.06646460176991,0.673992692165813,-2.797976657358132,0.005142382886463649,0,0,0,0,0
TCGA-AR-A250-01,1.5535,3.06646460176991,0.673992692165813,-2.244778941012162,0.024782327338109002,0,0,1,0,0
TCGA-B6-A0WS-01,2.698,3.06646460176991,0.673992692165813,-0.5466893128854015,0.5845921976699466,0,0,0,0,0
TCGA-B6-A0WW-01,1.7862,3.06646460176991,0.673992692165813,-1.8995229720605702,0.05749574916140702,0,0,-1,0,0
TCGA-BH-A0W3-01,0.7527,3.06646460176991,0.673992692165813,-3.4329223872366366,0.000597112998989695,1,1,-1,0,1
TCGA-BH-A8FZ-01,2.732,3.06646460176991,0.673992692165813,-0.4962436620716747,0.619722509293253,0,0,0,0,0
TCGA-C8-A12N-01,1.1866,3.06646460176991,0.673992692165813,-2.789146861116757,0.005284709472218145,0,0,0,0,0
TCGA-C8-A26W-01,2.1542,3.06646460176991,0.673992692165813,-1.3535229867825904,0.1758886115570772,0,0,0,0,0
TCGA-C8-A26X-01,0.0,3.06646460176991,0.673992692165813,-4.549700074515809,5.372243278650406e-06,1,1,-1,0,1
TCGA-D8-A27I-01,2.9303,3.06646460176991,0.673992692165813,-0.2020268221786767,0.8398957554347524,0,0,-1,0,0
TCGA-E2-A155-01,2.5614,3.06646460176991,0.673992692165813,-0.7493621335076083,0.4536389675911516,0,0,0,0,0
TCGA-E2-A15K-01,2.0228,3.06646460176991,0.673992692165813,-1.5484805902215208,0.12150663133213292,0,0,0,0,0
TCGA-E9-A1N9-01,2.4688,3.06646460176991,0.673992692165813,-0.8867523471944043,0.3752122484176803,0,0,1,0,0
TCGA-E9-A1NA-01,2.5007,3.06646460176991,0.673992692165813,-0.8394224571662312,0.4012322861821161,0,0,-1,0,0
TCGA-E9-A1R0-01,1.3325,3.06646460176991,0.673992692165813,-2.572675671301384,0.01009157270129815,0,0,0,0,0
TCGA-E9-A228-01,1.364,3.06646460176991,0.673992692165813,-2.5259392595180787,0.011538942953402414,0,0,-1,0,0
TCGA-EW-A1P8-01,2.3665,3.06646460176991,0.673992692165813,-1.0385344083192343,0.2990213247199263,0,0,1,0,0
TCGA-GM-A2DH-01,2.1098,3.06646460176991,0.673992692165813,-1.4193990719628684,0.15578270284042567,0,0,0,0,0
TCGA-GM-A2DK-01,1.6845,3.06646460176991,0.673992692165813,-2.050414815818099,0.040323968616767854,0,0,0,0,0
TCGA-GM-A2DN-01,1.7795,3.06646460176991,0.673992692165813,-1.9094637326620987,0.056202295967199084,0,0,0,0,0
TCGA-A2-A3Y0-01,1.9588,3.06646460176991,0.673992692165813,-1.6434371094003002,0.10029252744859514,0,0,1,0,0
TCGA-A7-A0CE-01,2.3487,3.06646460176991,0.673992692165813,-1.0649441902158319,0.28690118603919884,0,0,0,0,0
TCGA-AR-A24Z-01,1.688,3.06646460176991,0.673992692165813,-2.0452218811755096,0.04083298820497809,0,0,2,1,0
TCGA-B6-A0RM-01,1.9723,3.06646460176991,0.673992692165813,-1.6234072186360267,0.10450238261099223,0,0,0,0,0
TCGA-B6-A1KN-01,1.036,3.06646460176991,0.673992692165813,-3.0125914203093216,0.002590274031881718,1,1,-1,0,1
TCGA-D8-A146-01,2.4131,3.06646460176991,0.673992692165813,-0.9693941927921853,0.33234854866560964,0,0,-1,0,0
TCGA-D8-A1XM-01,0.9488,3.06646460176991,0.673992692165813,-3.1419696776904087,0.0016781541427011188,1,1,0,0,1
TCGA-E2-A1IJ-01,1.542,3.06646460176991,0.673992692165813,-2.2618414405520992,0.023707201466543638,0,0,0,0,0
TCGA-E2-A1LI-01,2.712,3.06646460176991,0.673992692165813,-0.5259175743150432,0.5989454776896046,0,0,1,0,0
TCGA-GM-A2DC-01,0.9082,3.06646460176991,0.673992692165813,-3.2022077195444467,0.00136378618503277,1,1,0,0,1
TCGA-GM-A2DM-01,1.808,3.06646460176991,0.673992692165813,-1.8671784077152986,0.061876677858045154,0,0,0,0,0
TCGA-OL-A5RZ-01,1.4277,3.06646460176991,0.673992692165813,-2.4314278490229504,0.01503944337210383,0,0,1,0,0
TCGA-A1-A0SE-01,2.7109,3.06646460176991,0.673992692165813,-0.5275496394884286,0.5978119545429643,0,0,0,0,0
TCGA-A2-A0EP-01,1.6551,3.06646460176991,0.673992692165813,-2.0940354668158507,0.03625682094849352,0,0,0,0,0
TCGA-A2-A0YT-01,0.9154,3.06646460176991,0.673992692165813,-3.191525111136834,0.001415238083646967,1,1,-1,0,1
TCGA-AC-A7VC-01,0.0,3.06646460176991,0.673992692165813,-4.549700074515809,5.372243278650406e-06,1,1,1,0,1
TCGA-BH-A0B0-01,0.0,3.06646460176991,0.673992692165813,-4.549700074515809,5.372243278650406e-06,1,1,0,0,1
TCGA-BH-A0BF-01,1.1634,3.06646460176991,0.673992692165813,-2.8235685993190645,0.004749226142169531,1,1,-1,0,1
TCGA-BH-A0BT-01,1.5499,3.06646460176991,0.673992692165813,-2.2501202452159688,0.024441313260007057,0,0,0,0,0
TCGA-BH-A18J-01,0.643,3.06646460176991,0.673992692165813,-3.595683795891513,0.000323540602551728,1,1,0,0,1
TCGA-BH-A18Q-01,4.3194,3.06646460176991,0.673992692165813,1.8589747526844809,0.06303071712593583,0,0,0,0,0
TCGA-C8-A132-01,2.3083,3.06646460176991,0.673992692165813,-1.1248854929474361,0.26063756013943595,0,0,0,0,0
TCGA-C8-A1HN-01,1.4642,3.06646460176991,0.673992692165813,-2.3772729591788027,0.01744117632240274,0,0,0,0,0
TCGA-C8-A275-01,1.3306,3.06646460176991,0.673992692165813,-2.575494692964504,0.010009680937347748,0,0,0,0,0
TCGA-D8-A1JH-01,2.4581,3.06646460176991,0.673992692165813,-0.9026278902446063,0.36672341911245276,0,0,0,0,0
TCGA-D8-A1XO-01,2.1204,3.06646460176991,0.673992692165813,-1.403671898473883,0.16041657423878045,0,0,0,0,0
TCGA-D8-A1XR-01,1.8686,3.06646460176991,0.673992692165813,-1.7772664536178922,0.07552441030995977,0,0,-1,0,0
TCGA-D8-A1XU-01,1.6141,3.06646460176991,0.673992692165813,-2.154866986914756,0.031172244427826994,0,0,-1,0,0
TCGA-D8-A3Z6-01,0.6435,3.06646460176991,0.673992692165813,-3.5949419480854283,0.0003244639180414425,1,1,0,0,1
TCGA-E2-A152-01,1.5517,3.06646460176991,0.673992692165813,-2.2474495931140654,0.02461130859597636,0,0,0,0,0
TCGA-E9-A1RC-01,0.954,3.06646460176991,0.673992692165813,-3.1342544605071327,0.0017229137821123035,1,1,-1,0,1
TCGA-E9-A22E-01,0.0,3.06646460176991,0.673992692165813,-4.549700074515809,5.372243278650406e-06,1,1,1,0,1
TCGA-EW-A1OV-01,1.3902,3.06646460176991,0.673992692165813,-2.487066434479266,0.01288013440287149,0,0,1,0,0
TCGA-EW-A1OZ-01,0.6697,3.06646460176991,0.673992692165813,-3.556069123046616,0.00037644507180683646,1,1,-1,0,1
TCGA-EW-A1PE-01,2.3095,3.06646460176991,0.673992692165813,-1.1231050582128344,0.26139287812896767,0,0,-1,0,0
TCGA-HN-A2NL-01,1.1082,3.06646460176991,0.673992692165813,-2.9054685971107617,0.0036670364399897805,1,1,1,0,1
TCGA-3C-AAAU-01,2.1813,3.06646460176991,0.673992692165813,-1.3133148356928264,0.18907688145216905,0,0,0,0,0
TCGA-A2-A0T1-01,0.0,3.06646460176991,0.673992692165813,-4.549700074515809,5.372243278650406e-06,1,1,0,0,1
TCGA-A7-A26F-01,2.74901697251,3.06646460176991,0.673992692165813,-0.470995654626197,0.6376438380012612,0,0,2,1,0
TCGA-AN-A0XR-01,0.0,3.06646460176991,0.673992692165813,-4.549700074515809,5.372243278650406e-06,1,1,0,0,1
TCGA-AQ-A7U7-01,2.4934,3.06646460176991,0.673992692165813,-0.8502534351350611,0.3951841991480545,0,0,0,0,0
TCGA-AR-A24W-01,2.9386,3.06646460176991,0.673992692165813,-0.1897121485976785,0.8495347004921332,0,0,0,0,0
TCGA-AR-A2LH-01,1.4123,3.06646460176991,0.673992692165813,-2.454276761450344,0.014116828577176391,0,0,0,0,0
TCGA-BH-A0BS-01,1.0344,3.06646460176991,0.673992692165813,-3.014965333288792,0.00257008629344726,1,1,0,0,1
TCGA-BH-A1ET-01,2.2099,3.06646460176991,0.673992692165813,-1.2708811411848089,0.20377093648675662,0,0,0,0,0
TCGA-C8-A12P-01,2.0362,3.06646460176991,0.673992692165813,-1.5285990690184643,0.12636386696603943,0,0,1,0,0
TCGA-C8-A12V-01,2.4523,3.06646460176991,0.673992692165813,-0.9112333247951829,0.3621724488056388,0,0,1,0,0
TCGA-D8-A1XK-01,0.9382,3.06646460176991,0.673992692165813,-3.1576968511793932,0.0015902083104141775,1,1,1,0,1
TCGA-D8-A27W-01,1.2083,3.06646460176991,0.673992692165813,-2.7569506663327026,0.00583431532163415,0,0,-1,0,0
TCGA-E2-A14X-01,3.9091,3.06646460176991,0.673992692165813,1.2502144430117768,0.21122122219251618,0,0,1,0,0
TCGA-EW-A1P0-01,1.2934,3.06646460176991,0.673992692165813,-2.6306881697371693,0.008521218227558837,0,0,0,0,0
TCGA-LL-A73Z-01,1.2783,3.06646460176991,0.673992692165813,-2.6530919734809126,0.007975813491170006,0,0,1,0,0
TCGA-WT-AB41-01,0.0,3.06646460176991,0.673992692165813,-4.549700074515809,5.372243278650406e-06,1,1,-1,0,1
TCGA-A1-A0SF-01,0.7543,3.06646460176991,0.673992692165813,-3.4305484742571672,0.000602362337461976,1,1,1,0,1
TCGA-A1-A0SK-01,2.4202,3.06646460176991,0.673992692165813,-0.9588599539457897,0.3376293011810006,0,0,0,0,0
TCGA-A2-A0CR-01,0.0,3.06646460176991,0.673992692165813,-4.549700074515809,5.372243278650406e-06,1,1,0,0,1
TCGA-A7-A4SE-01,2.7073,3.06646460176991,0.673992692165813,-0.532890943692235,0.5941090746361456,0,0,1,0,0
TCGA-AC-A3QQ-01,2.73595730592,3.06646460176991,0.673992692165813,-0.4903722246421629,0.6238705274937498,0,0,0,0,0
TCGA-AN-A0XT-01,2.469,3.06646460176991,0.673992692165813,-0.8864556080719707,0.3753720653068474,0,0,0,0,0
TCGA-AN-A0XU-01,4.4255,3.06646460176991,0.673992692165813,2.0163948571355514,0.04375870286794994,0,0,1,0,0
TCGA-AR-A0U4-01,2.3597,3.06646460176991,0.673992692165813,-1.048623538481979,0.2943514179354196,0,0,1,0,0
TCGA-AR-A1AS-01,1.6184,3.06646460176991,0.673992692165813,-2.1484870957824316,0.031675080426389626,0,0,0,0,0
TCGA-AR-A24N-01,2.0665,3.06646460176991,0.673992692165813,-1.483643091969761,0.13790363097011976,0,0,0,0,0
TCGA-AR-A5QP-01,0.0,3.06646460176991,0.673992692165813,-4.549700074515809,5.372243278650406e-06,1,1,0,0,1
TCGA-B6-A0X0-01,0.901,3.06646460176991,0.673992692165813,-3.2128903279520595,0.001314064569540291,1,1,0,0,1
TCGA-BH-A0BM-01,0.9437,3.06646460176991,0.673992692165813,-3.1495365253124676,0.0016352966533046537,1,1,0,0,1
TCGA-BH-A0BO-01,2.696,3.06646460176991,0.673992692165813,-0.549656704109738,0.5825548582346574,0,0,0,0,0
TCGA-BH-A0DV-01,0.5347,3.06646460176991,0.673992692165813,-3.7563680306893525,0.00017239711466879152,1,1,1,0,1
TCGA-BH-A8G0-01,2.5228,3.06646460176991,0.673992692165813,-0.806632784137309,0.4198780798624381,0,0,0,0,0
TCGA-C8-A138-01,0.0,3.06646460176991,0.673992692165813,-4.549700074515809,5.372243278650406e-06,1,1,-1,0,1
TCGA-D8-A1JB-01,2.4249,3.06646460176991,0.673992692165813,-0.9518865845685979,0.3411545039159441,0,0,-1,0,0
TCGA-D8-A1JI-01,2.0582,3.06646460176991,0.673992692165813,-1.4959577655507592,0.13466466148288062,0,0,-1,0,0
TCGA-D8-A1JJ-01,1.851,3.06646460176991,0.673992692165813,-1.8033794963920564,0.07132863544165742,0,0,-1,0,0
TCGA-E2-A107-01,1.6636,3.06646460176991,0.673992692165813,-2.081424054112419,0.03739510886090034,0,0,-1,0,0
TCGA-E2-A10C-01,0.8231,3.06646460176991,0.673992692165813,-3.328470216139979,0.0008732434157143331,1,1,-1,0,1
TCGA-E9-A244-01,3.2171,3.06646460176991,0.673992692165813,0.22349707939122715,0.8231486559556921,0,0,-1,0,0
TCGA-GM-A2DO-01,1.9445,3.06646460176991,0.673992692165813,-1.6646539566543088,0.09598181392946635,0,0,0,0,0
TCGA-LD-A7W6-01,2.2705,3.06646460176991,0.673992692165813,-1.1809691870874024,0.2376149641720035,0,0,0,0,0
TCGA-PL-A8LV-01,3.2243,3.06646460176991,0.673992692165813,0.23417968779883996,0.8148454834184387,0,0,1,0,0
TCGA-A2-A0EW-01,2.6652,3.06646460176991,0.673992692165813,-0.5953545289645257,0.5516065135074735,0,0,0,0,0
TCGA-A2-A0YH-01,0.0,3.06646460176991,0.673992692165813,-4.549700074515809,5.372243278650406e-06,1,1,-1,0,1
TCGA-A7-A2KD-01,2.5363,3.06646460176991,0.673992692165813,-0.7866028933730352,0.4315143649944499,0,0,0,0,0
TCGA-AR-A0TT-01,0.733,3.06646460176991,0.673992692165813,-3.4621511907963542,0.0005358760310313826,1,1,-1,0,1
TCGA-BH-A0B3-01,2.7226,3.06646460176991,0.673992692165813,-0.5101904008260584,0.6099180765460084,0,0,1,0,0
TCGA-BH-A0E9-01,3.0525,3.06646460176991,0.673992692165813,-0.020719218371694857,0.9834696382666211,0,0,-1,0,0
TCGA-BH-A18I-01,1.5229,3.06646460176991,0.673992692165813,-2.2901800267445163,0.02201088277158525,0,0,0,0,0
TCGA-BH-A1F2-01,1.3664,3.06646460176991,0.673992692165813,-2.5223783900488743,0.01165642465915802,0,0,-1,0,0
TCGA-BH-AB28-01,1.6071,3.06646460176991,0.673992692165813,-2.165252856199935,0.030368326543990652,0,0,0,0,0
TCGA-C8-A1HJ-01,2.2815,3.06646460176991,0.673992692165813,-1.16464853535355,0.24416128892281344,0,0,0,0,0
TCGA-C8-A1HK-01,1.7654,3.06646460176991,0.673992692165813,-1.9303838407936733,0.05355929563167818,0,0,-1,0,0
TCGA-C8-A8HQ-01,1.5326,3.06646460176991,0.673992692165813,-2.2757881793064825,0.02285869057659415,0,0,0,0,0
TCGA-D8-A1XW-01,3.0764,3.06646460176991,0.673992692165813,0.01474110675913019,0.9882387244639294,0,0,0,0,0
TCGA-D8-A27T-01,1.0835,3.06646460176991,0.673992692165813,-2.9421158787313217,0.0032597792095561376,1,1,-1,0,1
TCGA-D8-A73X-01,2.4901,3.06646460176991,0.673992692165813,-0.8551496306552168,0.39246831676989263,0,0,0,0,0
TCGA-E2-A14V-01,0.6635,3.06646460176991,0.673992692165813,-3.5652680358420596,0.0003634845229756733,1,1,-1,0,1
TCGA-E2-A1BD-01,2.1422,3.06646460176991,0.673992692165813,-1.3713273341286116,0.1702729384514345,0,0,0,0,0
TCGA-EW-A1IZ-01,1.257,3.06646460176991,0.673992692165813,-2.6846946900201,0.007259608822748182,0,0,0,0,0
TCGA-EW-A1PG-01,1.8533,3.06646460176991,0.673992692165813,-1.799966996484069,0.0718658496462593,0,0,0,0,0
TCGA-GM-A2DD-01,0.0,3.06646460176991,0.673992692165813,-4.549700074515809,5.372243278650406e-06,1,1,1,0,1
TCGA-GM-A2DF-01,2.0855,3.06646460176991,0.673992692165813,-1.4554528753385607,0.14554392732448376,0,0,1,0,0
TCGA-3C-AALK-01,1.2657,3.06646460176991,0.673992692165813,-2.671786538194235,0.007544862655264774,0,0,0,0,0
TCGA-5T-A9QA-01,1.7696,3.06646460176991,0.673992692165813,-1.924152319222566,0.05433549369816936,0,0,-1,0,0
TCGA-A1-A0SI-01,2.5972,3.06646460176991,0.673992692165813,-0.6962458305919786,0.48627489054527545,0,0,0,0,0
TCGA-A2-A0ES-01,2.5693,3.06646460176991,0.673992692165813,-0.7376409381714774,0.46073267131068185,0,0,0,0,0
TCGA-A7-A4SD-01,1.3849,3.06646460176991,0.673992692165813,-2.494930021223759,0.012598197278539976,0,0,1,0,0
TCGA-AR-A24V-01,2.6656,3.06646460176991,0.673992692165813,-0.5947610507196583,0.5520032063595792,0,0,0,0,0
TCGA-AR-A24X-01,2.9652,3.06646460176991,0.673992692165813,-0.15024584531399882,0.8805706570478234,0,0,0,0,0
TCGA-BH-A0AV-01,2.3039,3.06646460176991,0.673992692165813,-1.1314137536409772,0.25788098533291115,0,0,0,0,0
TCGA-BH-A0E1-01,2.2185,3.06646460176991,0.673992692165813,-1.2581213589201605,0.20834786992424398,0,0,0,0,0
TCGA-C8-A130-01,1.1836,3.06646460176991,0.673992692165813,-2.7935979479532627,0.0052125240669869235,0,0,0,0,0
TCGA-C8-A134-01,3.1481,3.06646460176991,0.673992692165813,0.121122082151606,0.9035943389131834,0,0,1,0,0
TCGA-D8-A13Y-01,2.2063,3.06646460176991,0.673992692165813,-1.2762224453886153,0.20187689640382978,0,0,1,0,0
TCGA-E2-A14T-01,0.9613,3.06646460176991,0.673992692165813,-3.123423482538303,0.001787603391552725,1,1,2,1,0
TCGA-E2-A1L8-01,1.7143,3.06646460176991,0.673992692165813,-2.0062006865754802,0.044834840660221024,0,0,-1,0,0
TCGA-E9-A243-01,0.5187,3.06646460176991,0.673992692165813,-3.7801071604840475,0.00015676087487332798,1,1,-1,0,1
TCGA-EW-A1PH-01,1.819,3.06646460176991,0.673992692165813,-1.850857755981446,0.0641900194900567,0,0,-1,0,0
TCGA-EW-A2FW-01,1.1397,3.06646460176991,0.673992692165813,-2.8587321853274563,0.004253377107752335,1,1,-1,0,1
TCGA-GM-A2DI-01,1.7598,3.06646460176991,0.673992692165813,-1.9386925362218166,0.0525387880396999,0,0,0,0,0
TCGA-LD-A7W5-01,1.0835,3.06646460176991,0.673992692165813,-2.9421158787313217,0.0032597792095561376,1,1,1,0,1
TCGA-OL-A5RY-01,0.7994,3.06646460176991,0.673992692165813,-3.363633802148371,0.0007692353790072651,1,1,0,0,1
TCGA-A2-A0T7-01,1.9962,3.06646460176991,0.673992692165813,-1.5879468935052012,0.11229834838348383,0,0,0,0,0
TCGA-A7-A6VV-01,3.882,3.06646460176991,0.673992692165813,1.2100062919220125,0.22627647855888353,0,0,1,0,0
TCGA-AC-A7VB-01,1.5984,3.06646460176991,0.673992692165813,-2.1781610080258003,0.029394051876574772,0,0,0,0,0
TCGA-AO-A12E-01,3.1713,3.06646460176991,0.673992692165813,0.1555438203539136,0.8763926106437901,0,0,0,0,0
TCGA-AO-A1KR-01,0.0,3.06646460176991,0.673992692165813,-4.549700074515809,5.372243278650406e-06,1,1,1,0,1
TCGA-AR-A1AH-01,2.1449,3.06646460176991,0.673992692165813,-1.3673213559757569,0.1715246006603786,0,0,1,0,0
TCGA-AR-A251-01,2.8787,3.06646460176991,0.673992692165813,-0.2785855157665675,0.7805629295607516,0,0,0,0,0
TCGA-B6-A0RH-01,2.6289,3.06646460176991,0.673992692165813,-0.6492126796862399,0.5162009171117266,0,0,0,0,0
TCGA-B6-A40C-01,2.0647,3.06646460176991,0.673992692165813,-1.4863137440716638,0.13719615298753546,0,0,0,0,0
TCGA-BH-A0BA-01,1.4564,3.06646460176991,0.673992692165813,-2.3888457849537166,0.0169013951637895,0,0,-1,0,0
TCGA-BH-A0EI-01,3.031,3.06646460176991,0.673992692165813,-0.05261867403331608,0.9580357378544554,0,0,0,0,0
TCGA-BH-A1F6-01,2.9536,3.06646460176991,0.673992692165813,-0.1674567144151526,0.8670107034465544,0,0,1,0,0
TCGA-BH-A5IZ-01,2.8123,3.06646460176991,0.673992692165813,-0.3771029044145505,0.7060971328651195,0,0,1,0,0
TCGA-D8-A13Z-01,1.9141,3.06646460176991,0.673992692165813,-1.709758303264229,0.08731057642644546,0,0,1,0,0
TCGA-D8-A143-01,2.3895,3.06646460176991,0.673992692165813,-1.0044094092393603,0.315181316561125,0,0,1,0,0
TCGA-D8-A1JU-01,1.3732,3.06646460176991,0.673992692165813,-2.5122892598861295,0.011995072378569218,0,0,0,0,0
TCGA-E2-A153-01,1.7864,3.06646460176991,0.673992692165813,-1.8992262329381366,0.05753473701275768,0,0,0,0,0
TCGA-E2-A15J-01,1.1136,3.06646460176991,0.673992692165813,-2.897456640805052,0.0037620173636226215,1,1,0,0,1
TCGA-E2-A1II-01,1.3766,3.06646460176991,0.673992692165813,-2.5072446948047564,0.01216764460397104,0,0,1,0,0
TCGA-E9-A1R2-01,1.9732,3.06646460176991,0.673992692165813,-1.622071892585075,0.10478795561721355,0,0,0,0,0
TCGA-E9-A248-01,1.1174,3.06646460176991,0.673992692165813,-2.891818597478812,0.0038301902758009583,1,1,0,0,1
TCGA-OL-A5RX-01,2.318,3.06646460176991,0.673992692165813,-1.1104936455094023,0.26678636485500945,0,0,0,0,0
TCGA-S3-AA15-01,1.9588,3.06646460176991,0.673992692165813,-1.6434371094003002,0.10029252744859514,0,0,0,0,0
TCGA-3C-AALI-01,1.5376,3.06646460176991,0.673992692165813,-2.2683697012456405,0.02330668287377765,0,0,-1,0,0
TCGA-4H-AAAK-01,0.0,3.06646460176991,0.673992692165813,-4.549700074515809,5.372243278650406e-06,1,1,0,0,1
TCGA-A1-A0SN-01,1.664,3.06646460176991,0.673992692165813,-2.0808305758675516,0.03744941644042907,0,0,-1,0,0
TCGA-A2-A04W-01,2.7998,3.06646460176991,0.673992692165813,-0.3956490995666561,0.6923639102907171,0,0,2,1,0
TCGA-A2-A0T6-01,2.3735,3.06646460176991,0.673992692165813,-1.028148539034055,0.3038799610649528,0,0,0,0,0
TCGA-A2-A1G6-01,2.7003,3.06646460176991,0.673992692165813,-0.5432768129774141,0.5869392264290645,0,0,0,0,0
TCGA-A2-A25C-01,1.4031,3.06646460176991,0.673992692165813,-2.4679267610822935,0.013589812138751545,0,0,-1,0,0
TCGA-A7-A26G-01,2.6273,3.06646460176991,0.673992692165813,-0.6515865926657091,0.5146678991625315,0,0,0,0,0
TCGA-AC-A23E-01,2.0343,3.06646460176991,0.673992692165813,-1.5314180906815844,0.1256660958465675,0,0,-1,0,0
TCGA-AR-A0TW-01,0.0,3.06646460176991,0.673992692165813,-4.549700074515809,5.372243278650406e-06,1,1,0,0,1
TCGA-AR-A1AR-01,0.9466,3.06646460176991,0.673992692165813,-3.1452338080371787,0.0016595414215162328,1,1,0,0,1
TCGA-AR-A252-01,0.6137,3.06646460176991,0.673992692165813,-3.639156077328047,0.00027353298476899546,1,1,-1,0,1
TCGA-AR-A254-01,1.8357,3.06646460176991,0.673992692165813,-1.826080039258233,0.06783820641657283,0,0,-1,0,0
TCGA-B6-A0WZ-01,1.4381,3.06646460176991,0.673992692165813,-2.4159974146563985,0.015692172765857253,0,0,0,0,0
TCGA-BH-A18F-01,2.0437,3.06646460176991,0.673992692165813,-1.5174713519272014,0.12914772113936912,0,0,-1,0,0
TCGA-BH-A18L-01,0.5694,3.06646460176991,0.673992692165813,-3.7048837929471086,0.0002114876676549823,1,1,-1,0,1
TCGA-BH-A18R-01,1.3957,3.06646460176991,0.673992692165813,-2.47890610861234,0.01317859918656177,0,0,0,0,0
TCGA-C8-A12O-01,1.1124,3.06646460176991,0.673992692165813,-2.899237075539654,0.0037407193200795293,1,1,0,0,1
TCGA-C8-A1HG-01,1.642,3.06646460176991,0.673992692165813,-2.113471879335257,0.034560399415773095,0,0,0,0,0
TCGA-E2-A14Q-01,3.036,3.06646460176991,0.673992692165813,-0.04520019597247412,0.9639477380480829,0,0,0,0,0
TCGA-E2-A159-01,1.1336,3.06646460176991,0.673992692165813,-2.867782728561684,0.004133592925393602,1,1,1,0,1
TCGA-E2-A1B0-01,2.9134,3.06646460176991,0.673992692165813,-0.22710127802432262,0.8203449902923381,0,0,0,0,0
TCGA-E2-A1LG-01,2.2712,3.06646460176991,0.673992692165813,-1.179930600158885,0.23802781817838292,0,0,-1,0,0
TCGA-GM-A2DL-01,0.8055,3.06646460176991,0.673992692165813,-3.3545832589141438,0.0007948462970316006,1,1,0,0,1
TCGA-LL-A5YO-01,0.0,3.06646460176991,0.673992692165813,-4.549700074515809,5.372243278650406e-06,1,1,1,0,1
TCGA-LL-A6FR-01,0.0,3.06646460176991,0.673992692165813,-4.549700074515809,5.372243278650406e-06,1,1,1,0,1
TCGA-A2-A1G0-01,2.4633,3.06646460176991,0.673992692165813,-0.8949126730613307,0.3708337716370551,0,0,1,0,0
TCGA-A2-A3XX-01,2.5051,3.06646460176991,0.673992692165813,-0.8328941964726903,0.4049044030202603,0,0,0,0,0
TCGA-AC-A6IX-01,2.0265,3.06646460176991,0.673992692165813,-1.542990916456498,0.12283297987831596,0,0,0,0,0
TCGA-AO-A0JG-01,1.8937,3.06646460176991,0.673992692165813,-1.7400256937524647,0.08185450643745328,0,0,0,0,0
TCGA-AQ-A1H3-01,2.1176,3.06646460176991,0.673992692165813,-1.4078262461879547,0.15918252657531468,0,0,0,0,0
TCGA-AR-A1AQ-01,1.3584,3.06646460176991,0.673992692165813,-2.534247954946222,0.011268896163315788,0,0,0,0,0
TCGA-AR-A24Q-01,4.1128,3.06646460176991,0.673992692165813,1.5524432392104845,0.12055620418829513,0,0,1,0,0
TCGA-AR-A2LM-01,1.895,3.06646460176991,0.673992692165813,-1.7380968894566458,0.0821937429113232,0,0,0,0,0
TCGA-AR-A2LR-01,3.2106,3.06646460176991,0.673992692165813,0.2138530579121325,0.8306616476814571,0,0,1,0,0
TCGA-BH-A0DK-01,1.8993,3.06646460176991,0.673992692165813,-1.7317169983243215,0.08332396260994754,0,0,0,0,0
TCGA-BH-A0W7-01,3.4031,3.06646460176991,0.673992692165813,0.4994644632545539,0.6174522157631099,0,0,0,0,0
TCGA-C8-A12W-01,1.5908,3.06646460176991,0.673992692165813,-2.18943709467828,0.028565085990637288,0,0,-1,0,0
TCGA-C8-A8HR-01,1.2581,3.06646460176991,0.673992692165813,-2.683062624846715,0.0072951328212173235,0,0,0,0,0
TCGA-D8-A27L-01,2.1686,3.06646460176991,0.673992692165813,-1.3321577699673648,0.1828083501964441,0,0,0,0,0
TCGA-E9-A3HO-01,2.7264,3.06646460176991,0.673992692165813,-0.5045523574998183,0.6138732793705652,0,0,-1,0,0
TCGA-GM-A3XL-01,0.6716,3.06646460176991,0.673992692165813,-3.5532501013834956,0.0003805025238317989,1,1,0,0,1
TCGA-LL-A5YP-01,0.7649,3.06646460176991,0.673992692165813,-3.414821300768182,0.0006382386923768471,1,1,1,0,1
TCGA-LL-A7SZ-01,0.0,3.06646460176991,0.673992692165813,-4.549700074515809,5.372243278650406e-06,1,1,0,0,1
TCGA-OL-A6VQ-01,1.9883,3.06646460176991,0.673992692165813,-1.599668088841332,0.10967223467809584,0,0,0,0,0
TCGA-A2-A0SX-01,2.721,3.06646460176991,0.673992692165813,-0.5125643138055276,0.6082561213918369,0,0,1,0,0
TCGA-A2-A0YE-01,2.0946,3.06646460176991,0.673992692165813,-1.4419512452678287,0.1493161280846644,0,0,1,0,0
TCGA-A2-A0YL-01,2.6605,3.06646460176991,0.673992692165813,-0.6023278983417175,0.5469558938632609,0,0,0,0,0
TCGA-A7-A5ZX-01,2.2522,3.06646460176991,0.673992692165813,-1.2081208167900845,0.2270007936482567,0,0,0,0,0
TCGA-A7-A6VW-01,2.066,3.06646460176991,0.673992692165813,-1.4843849397758455,0.1377068278213559,0,0,1,0,0
TCGA-A7-A6VY-01,1.7647,3.06646460176991,0.673992692165813,-1.9314224277221914,0.05343083382206695,0,0,0,0,0
TCGA-B6-A0X1-01,1.9005,3.06646460176991,0.673992692165813,-1.7299365635897193,0.08364160973103349,0,0,1,0,0
TCGA-BH-A0C7-01,0.5531,3.06646460176991,0.673992692165813,-3.7290680314254536,0.00019218926415631162,1,1,-1,0,1
TCGA-BH-A18V-01,3.0385,3.06646460176991,0.673992692165813,-0.04149095694205314,0.9669045019625869,0,0,0,0,0
TCGA-BH-A208-01,2.1791,3.06646460176991,0.673992692165813,-1.3165789660395966,0.1879797931569444,0,0,0,0,0
TCGA-C8-A27A-01,0.9338,3.06646460176991,0.673992692165813,-3.164225111872935,0.0015549647340637747,1,1,-1,0,1
TCGA-C8-A27B-01,1.2571,3.06646460176991,0.673992692165813,-2.684546320458883,0.007262831850524894,0,0,1,0,0
TCGA-D8-A1J9-01,1.5349,3.06646460176991,0.673992692165813,-2.272375679398495,0.02306382936634324,0,0,0,0,0
TCGA-E2-A150-01,2.0812,3.06646460176991,0.673992692165813,-1.4618327664708852,0.14378704267759188,0,0,1,0,0
TCGA-E2-A573-01,1.9287,3.06646460176991,0.673992692165813,-1.6880963473265698,0.09139273552142264,0,0,0,0,0
TCGA-E9-A1N8-01,3.3084,3.06646460176991,0.673992692165813,0.35895848878220415,0.7196261436365556,0,0,1,0,0
TCGA-E9-A1RA-01,2.4886,3.06646460176991,0.673992692165813,-0.8573751740734695,0.3912375749906546,0,0,0,0,0
TCGA-E9-A3X8-01,0.0,3.06646460176991,0.673992692165813,-4.549700074515809,5.372243278650406e-06,1,1,-1,0,1
TCGA-EW-A1IX-01,2.2174,3.06646460176991,0.673992692165813,-1.259753424093546,0.20775832642707295,0,0,0,0,0
TCGA-EW-A1P3-01,0.9163,3.06646460176991,0.673992692165813,-3.190189785085882,0.001421793911983487,1,1,-1,0,1
TCGA-OL-A6VR-01,1.8857,3.06646460176991,0.673992692165813,-1.7518952586498122,0.07979181999429344,0,0,0,0,0
TCGA-A2-A04U-01,0.0,3.06646460176991,0.673992692165813,-4.549700074515809,5.372243278650406e-06,1,1,-1,0,1
TCGA-A2-A3KD-01,2.5393,3.06646460176991,0.673992692165813,-0.7821518065365305,0.4341253634950627,0,0,0,0,0
TCGA-A7-A5ZW-01,1.2169,3.06646460176991,0.673992692165813,-2.744190884068054,0.006066025390030608,0,0,0,0,0
TCGA-AC-A6IV-01,1.1639,3.06646460176991,0.673992692165813,-2.8228267515129803,0.004760228728421625,1,1,1,0,1
TCGA-AO-A12A-01,1.687,3.06646460176991,0.673992692165813,-2.046705576787678,0.04068700137105659,0,0,-1,0,0
TCGA-AR-A0U2-01,1.0801,3.06646460176991,0.673992692165813,-2.9471604438126944,0.003207067556499318,1,1,-1,0,1
TCGA-AR-A1AI-01,2.6533,3.06646460176991,0.673992692165813,-0.6130105067493297,0.5398693925211127,0,0,1,0,0
TCGA-AR-A1AO-01,1.933,3.06646460176991,0.673992692165813,-1.6817164561942455,0.09262383543445057,0,0,0,0,0
TCGA-AR-A24P-01,1.8563,3.06646460176991,0.673992692165813,-1.7955159096475637,0.07257154024922156,0,0,0,0,0
TCGA-AR-A24U-01,1.7506,3.06646460176991,0.673992692165813,-1.9523425358537663,0.05089755055416268,0,0,0,0,0
TCGA-B6-A401-01,2.7874,3.06646460176991,0.673992692165813,-0.4140469251575445,0.6788397412740216,0,0,0,0,0
TCGA-BH-A0AZ-01,1.3238,3.06646460176991,0.673992692165813,-2.585583823127249,0.009721423165816857,0,0,0,0,0
TCGA-BH-A0B6-01,0.0,3.06646460176991,0.673992692165813,-4.549700074515809,5.372243278650406e-06,1,1,2,1,0
TCGA-BH-A0C3-01,2.5635,3.06646460176991,0.673992692165813,-0.7462463727220546,0.45551859998758465,0,0,0,0,0
TCGA-BH-A1FH-01,2.4025,3.06646460176991,0.673992692165813,-0.9851213662811709,0.3245644594069088,0,0,0,0,0
TCGA-C8-A26V-01,2.113,3.06646460176991,0.673992692165813,-1.4146512460039293,0.15717077557604597,0,0,0,0,0
TCGA-D8-A27K-01,2.1481,3.06646460176991,0.673992692165813,-1.3625735300168178,0.17301695582186435,0,0,0,0,0
TCGA-E2-A10F-01,2.182,3.06646460176991,0.673992692165813,-1.3122762487643083,0.1894269429886961,0,0,0,0,0
TCGA-E2-A15D-01,2.6175,3.06646460176991,0.673992692165813,-0.6661268096649593,0.5053300496372664,0,0,0,0,0
TCGA-E2-A570-01,0.0,3.06646460176991,0.673992692165813,-4.549700074515809,5.372243278650406e-06,1,1,0,0,1
TCGA-E9-A22G-01,0.0,3.06646460176991,0.673992692165813,-4.549700074515809,5.372243278650406e-06,1,1,0,0,1
TCGA-E9-A245-01,3.6978,3.06646460176991,0.673992692165813,0.9367095601605887,0.3489079772518933,0,0,0,0,0
TCGA-S3-AA14-01,0.9501,3.06646460176991,0.673992692165813,-3.1400408733945895,0.001689242642368692,1,1,0,0,1
TCGA-A2-A3XV-01,0.7772,3.06646460176991,0.673992692165813,-3.3965718447385096,0.0006823564203425036,1,1,0,0,1
TCGA-A2-A3XZ-01,0.0,3.06646460176991,0.673992692165813,-4.549700074515809,5.372243278650406e-06,1,1,1,0,1
TCGA-AO-A1KO-01,3.9868,3.06646460176991,0.673992692165813,1.3654975920772634,0.17209670939156818,0,0,0,0,0
TCGA-AR-A0TS-01,4.257,3.06646460176991,0.673992692165813,1.7663921464851708,0.07733008175974958,0,0,1,0,0
TCGA-AR-A1AN-01,1.4293,3.06646460176991,0.673992692165813,-2.4290539360434806,0.01513828010442873,0,0,0,0,0
TCGA-AR-A24K-01,1.6962,3.06646460176991,0.673992692165813,-2.0330555771557286,0.04204690834865569,0,0,1,0,0
TCGA-AR-A24T-01,2.1266,3.06646460176991,0.673992692165813,-1.394472985678439,0.16317482163470085,0,0,-1,0,0
TCGA-AR-A2LO-01,2.7453,3.06646460176991,0.673992692165813,-0.47651051042983517,0.6337107212459039,0,0,-1,0,0
TCGA-BH-A0H3-01,2.2674,3.06646460176991,0.673992692165813,-1.185568643485125,0.2357926914703985,0,0,0,0,0
TCGA-BH-A0W4-01,2.9143,3.06646460176991,0.673992692165813,-0.22576595197337151,0.8213834597780098,0,0,0,0,0
TCGA-BH-A18K-01,0.6675,3.06646460176991,0.673992692165813,-3.559333253393386,0.0003717975060002371,1,1,1,0,1
TCGA-BH-A28Q-01,2.8964,3.06646460176991,0.673992692165813,-0.25232410343118633,0.8007905588991479,0,0,0,0,0
TCGA-BH-A6R8-01,0.6735,3.06646460176991,0.673992692165813,-3.5504310797203757,0.0003846008222963375,1,1,0,0,1
TCGA-C8-A12U-01,0.0,3.06646460176991,0.673992692165813,-4.549700074515809,5.372243278650406e-06,1,1,0,0,1
TCGA-E2-A1B5-01,0.0,3.06646460176991,0.673992692165813,-4.549700074515809,5.372243278650406e-06,1,1,0,0,1
TCGA-GM-A2DA-01,1.3677,3.06646460176991,0.673992692165813,-2.5204495857530556,0.011720502639384818,0,0,0,0,0
TCGA-JL-A3YX-01,1.3617,3.06646460176991,0.673992692165813,-2.529351759426066,0.011427343543321084,0,0,-1,0,0
TCGA-LL-A5YN-01,0.8567,3.06646460176991,0.673992692165813,-3.2786180435711203,0.0010431672493994414,1,1,0,0,1
TCGA-XX-A899-01,1.5673,3.06646460176991,0.673992692165813,-2.2243039415642385,0.026128001701496102,0,0,0,0,0
TCGA-Z7-A8R6-01,1.4574,3.06646460176991,0.673992692165813,-2.387362089341548,0.01696976831087091,0,0,0,0,0
TCGA-A2-A3XT-01,1.031,3.06646460176991,0.673992692165813,-3.0200098983701644,0.002527664246306587,1,1,1,0,1
TCGA-AC-A2FK-01,2.4699,3.06646460176991,0.673992692165813,-0.8851202820210189,0.37609176156800267,0,0,0,0,0
TCGA-AR-A24R-01,1.7631,3.06646460176991,0.673992692165813,-1.933796340701661,0.05313817289528083,0,0,-1,0,0
TCGA-AR-A256-01,3.2225,3.06646460176991,0.673992692165813,0.2315090356969371,0.8169193666214998,0,0,1,0,0
TCGA-BH-A0AU-01,1.6465,3.06646460176991,0.673992692165813,-2.106795249080499,0.03513533149874525,0,0,0,0,0
TCGA-BH-A0H5-01,1.4793,3.06646460176991,0.673992692165813,-2.3548691554350594,0.018529228865729,0,0,0,0,0
TCGA-BH-A1EV-01,2.6793,3.06646460176991,0.673992692165813,-0.5744344208329509,0.5656738659767419,0,0,2,1,0
TCGA-BH-A2L8-01,1.7307,3.06646460176991,0.673992692165813,-1.981868078535918,0.047494007488947346,0,0,0,0,0
TCGA-C8-A12Z-01,0.0,3.06646460176991,0.673992692165813,-4.549700074515809,5.372243278650406e-06,1,1,-1,0,1
TCGA-D8-A147-01,2.9864,3.06646460176991,0.673992692165813,-0.11879149833602774,0.9054405443350655,0,0,0,0,0
TCGA-D8-A1XF-01,1.9498,3.06646460176991,0.673992692165813,-1.656790369909816,0.09756186466272002,0,0,-1,0,0
TCGA-E2-A15A-01,1.6519,3.06646460176991,0.673992692165813,-2.09878329277479,0.03583600826953614,0,0,0,0,0
TCGA-E2-A1B1-01,1.3707,3.06646460176991,0.673992692165813,-2.5159984989165505,0.011869568834725452,0,0,0,0,0
TCGA-E2-A1IG-01,0.7122,3.06646460176991,0.673992692165813,-3.493012059529457,0.0004776049396898885,1,1,0,0,1
TCGA-E9-A1N5-01,0.8534,3.06646460176991,0.673992692165813,-3.283514239091276,0.0010252146548470902,1,1,0,0,1
TCGA-E9-A226-01,0.0,3.06646460176991,0.673992692165813,-4.549700074515809,5.372243278650406e-06,1,1,1,0,1
TCGA-E9-A249-01,1.4987,3.06646460176991,0.673992692165813,-2.3260854605589922,0.02001399203309716,0,0,-1,0,0
TCGA-E9-A6HE-01,1.2249,3.06646460176991,0.673992692165813,-2.7323213191707065,0.006288977363873654,0,0,0,0,0
TCGA-HN-A2OB-01,2.2164,3.06646460176991,0.673992692165813,-1.2612371197057142,0.2072234285601521,0,0,1,0,0
TCGA-A2-A25A-01,3.2225,3.06646460176991,0.673992692165813,0.2315090356969371,0.8169193666214998,0,0,0,0,0
TCGA-A7-A13F-01,2.272,3.06646460176991,0.673992692165813,-1.1787436436691503,0.2385002712322094,0,0,1,0,0
TCGA-B6-A409-01,2.2344,3.06646460176991,0.673992692165813,-1.2345305986866828,0.21700525198671927,0,0,1,0,0
TCGA-BH-A1FM-01,1.7952,3.06646460176991,0.673992692165813,-1.8861697115510545,0.05927208866416424,0,0,-1,0,0
TCGA-BH-A1FU-01,1.9634,3.06646460176991,0.673992692165813,-1.6366121095843256,0.1017115437428318,0,0,1,0,0
TCGA-C8-A12Y-01,1.1487,3.06646460176991,0.673992692165813,-2.84537892481794,0.00443586194258598,1,1,0,0,1
TCGA-E2-A15I-01,1.8214,3.06646460176991,0.673992692165813,-1.8472968865122419,0.06470412395417585,0,0,0,0,0
TCGA-E2-A1B6-01,1.0967,3.06646460176991,0.673992692165813,-2.9225310966506983,0.003471989491934459,1,1,0,0,1
TCGA-E2-A1L6-01,1.8931,3.06646460176991,0.673992692165813,-1.7409159111197658,0.08169831927098681,0,0,0,0,0
TCGA-E2-A574-01,1.7787,3.06646460176991,0.673992692165813,-1.9106506891518336,0.05604948566967568,0,0,0,0,0
TCGA-LD-A66U-01,2.063,3.06646460176991,0.673992692165813,-1.4888360266123504,0.1365305529207994,0,0,0,0,0
TCGA-AC-A6NO-01,2.5314,3.06646460176991,0.673992692165813,-0.7938730018726606,0.4272693683506156,0,0,0,0,0
TCGA-AO-A12D-01,0.8385,3.06646460176991,0.673992692165813,-3.3056213037125857,0.0009476607375636303,1,1,0,0,1
TCGA-AR-A0TP-01,3.0003,3.06646460176991,0.673992692165813,-0.09816812932688662,0.9217987893086087,0,0,0,0,0
TCGA-AR-A0TZ-01,1.1907,3.06646460176991,0.673992692165813,-2.7830637091068664,0.005384823118891172,0,0,-1,0,0
TCGA-AR-A24O-01,2.5656,3.06646460176991,0.673992692165813,-0.7431306119365009,0.45740260784587755,0,0,0,0,0
TCGA-BH-A0DZ-01,0.0,3.06646460176991,0.673992692165813,-4.549700074515809,5.372243278650406e-06,1,1,-1,0,1
TCGA-C8-A12T-01,0.7543,3.06646460176991,0.673992692165813,-3.4305484742571672,0.000602362337461976,1,1,0,0,1
TCGA-E2-A158-01,3.7231,3.06646460176991,0.673992692165813,0.97424705914845,0.3299338839098706,0,0,2,1,0
TCGA-E9-A1RI-01,1.0998,3.06646460176991,0.673992692165813,-2.9179316402529762,0.0035236158863392376,1,1,0,0,1
TCGA-EW-A1OX-01,2.5276,3.06646460176991,0.673992692165813,-0.7995110451989007,0.4239941447206713,0,0,0,0,0
TCGA-EW-A1P4-01,1.7901,3.06646460176991,0.673992692165813,-1.8937365591731135,0.05825998610718973,0,0,0,0,0
TCGA-OL-A5RV-01,2.353,3.06646460176991,0.673992692165813,-1.0585642990835074,0.28979825307596113,0,0,0,0,0
TCGA-OL-A6VO-01,2.1558,3.06646460176991,0.673992692165813,-1.3511490738031207,0.1766476841315729,0,0,1,0,0
TCGA-5L-AAT0-01,2.4511,3.06646460176991,0.673992692165813,-0.9130137595297855,0.3612353049545767,0,0,0,0,0
TCGA-A2-A0D3-01,2.9911,3.06646460176991,0.673992692165813,-0.11181812895883658,0.910967612840365,0,0,0,0,0
TCGA-A2-A3XW-01,1.9722,3.06646460176991,0.673992692165813,-1.6235555881972434,0.10447069046429806,0,0,0,0,0
TCGA-A8-A075-01,1.1445,3.06646460176991,0.673992692165813,-2.851610446389048,0.004349837197750007,1,1,-1,0,1
TCGA-B6-A0RV-01,1.8432,3.06646460176991,0.673992692165813,-1.8149523221669701,0.06953123677819527,0,0,0,0,0
TCGA-BH-A0B7-01,2.0063,3.06646460176991,0.673992692165813,-1.5729615678223001,0.11572771748452024,0,0,0,0,0
TCGA-BH-A0DQ-01,1.2126,3.06646460176991,0.673992692165813,-2.7505707752003783,0.0059491538534786345,0,0,0,0,0
TCGA-E9-A227-01,1.3819,3.06646460176991,0.673992692165813,-2.4993811080602644,0.01244104369115205,0,0,0,0,0
TCGA-E9-A22H-01,1.2632,3.06646460176991,0.673992692165813,-2.675495777224656,0.007461881322721618,0,0,0,0,0
TCGA-A2-A0CV-01,3.0728,3.06646460176991,0.673992692165813,0.009399802555323794,0.9925001531097799,0,0,0,0,0
TCGA-AC-A2BM-01,0.6735,3.06646460176991,0.673992692165813,-3.5504310797203757,0.0003846008222963375,1,1,-1,0,1
TCGA-AO-A03V-01,1.8504,3.06646460176991,0.673992692165813,-1.8042697137593573,0.0711890352190877,0,0,0,0,0
TCGA-BH-A0BJ-01,2.6302,3.06646460176991,0.673992692165813,-0.6472838753904208,0.5174482354505993,0,0,0,0,0
TCGA-BH-A0DT-01,2.5568,3.06646460176991,0.673992692165813,-0.7561871333235829,0.4495370060003685,0,0,0,0,0
TCGA-BH-A42V-01,1.5721,3.06646460176991,0.673992692165813,-2.2171822026258297,0.02661064326207659,0,0,0,0,0
TCGA-D8-A1JD-01,0.0,3.06646460176991,0.673992692165813,-4.549700074515809,5.372243278650406e-06,1,1,0,0,1
TCGA-D8-A27R-01,1.3019,3.06646460176991,0.673992692165813,-2.6180767570337378,0.00884269119526757,0,0,0,0,0
TCGA-E2-A10A-01,0.0,3.06646460176991,0.673992692165813,-4.549700074515809,5.372243278650406e-06,1,1,1,0,1
TCGA-E2-A1LB-01,0.7793,3.06646460176991,0.673992692165813,-3.393456083952956,0.0006901662381105486,1,1,0,0,1
TCGA-E9-A1N4-01,2.0334,3.06646460176991,0.673992692165813,-1.532753416732536,0.12533662227500203,0,0,0,0,0
TCGA-E9-A5UO-01,2.7287,3.06646460176991,0.673992692165813,-0.501139857591831,0.6162726976260883,0,0,0,0,0
TCGA-EW-A2FS-01,2.5393,3.06646460176991,0.673992692165813,-0.7821518065365305,0.4341253634950627,0,0,0,0,0
TCGA-PE-A5DE-01,0.7552,3.06646460176991,0.673992692165813,-3.4292131482062156,0.0006053339330137727,1,1,0,0,1
TCGA-A1-A0SP-01,3.8792,3.06646460176991,0.673992692165813,1.2058519442079407,0.2278745827212081,0,0,1,0,0
TCGA-AC-A2FF-01,2.4527,3.06646460176991,0.673992692165813,-0.9106398465503156,0.3624851682582338,0,0,0,0,0
TCGA-B6-A0RU-01,1.7065,3.06646460176991,0.673992692165813,-2.0177735123503937,0.043614854692352614,0,0,1,0,0
TCGA-B6-A0WX-01,3.2264,3.06646460176991,0.673992692165813,0.23729544858439364,0.8124275927870462,0,0,1,0,0
TCGA-B6-A0WY-01,1.3419,3.06646460176991,0.673992692165813,-2.558728932547001,0.010505562246817897,0,0,-1,0,0
TCGA-C8-A1HI-01,0.5377,3.06646460176991,0.673992692165813,-3.7519169438528475,0.0001754876061295953,1,1,0,0,1
TCGA-D8-A141-01,1.0854,3.06646460176991,0.673992692165813,-2.939296857068202,0.003289578345095435,1,1,0,0,1
TCGA-D8-A1X7-01,0.5664,3.06646460176991,0.673992692165813,-3.709334879783614,0.00020780442717891815,1,1,0,0,1
TCGA-D8-A27F-01,3.5992,3.06646460176991,0.673992692165813,0.7904171728007824,0.42928417640732447,0,0,2,1,0
TCGA-E2-A15E-01,1.3589,3.06646460176991,0.673992692165813,-2.5335061071401377,0.011292777242428133,0,0,-1,0,0
TCGA-E2-A1L7-01,1.3404,3.06646460176991,0.673992692165813,-2.5609544759652536,0.010438503341592834,0,0,1,0,0
TCGA-E2-A1L9-01,0.9696,3.06646460176991,0.673992692165813,-3.1111088089573053,0.0018638624663519351,1,1,0,0,1
TCGA-E9-A1RB-01,1.93,3.06646460176991,0.673992692165813,-1.686167543030751,0.0917635335019478,0,0,1,0,0
TCGA-OL-A5D8-01,2.1556,3.06646460176991,0.673992692165813,-1.3514458129255542,0.17655266676914275,0,0,0,0,0
TCGA-OL-A5RW-01,0.0,3.06646460176991,0.673992692165813,-4.549700074515809,5.372243278650406e-06,1,1,1,0,1
TCGA-A1-A0SH-01,0.0,3.06646460176991,0.673992692165813,-4.549700074515809,5.372243278650406e-06,1,1,0,0,1
TCGA-A1-A0SJ-01,2.7811,3.06646460176991,0.673992692165813,-0.42339420751420553,0.6720076703825368,0,0,0,0,0
TCGA-A2-A0T5-01,2.3409,3.06646460176991,0.673992692165813,-1.0765170159907456,0.2816960949785237,0,0,0,0,0
TCGA-A2-A0YJ-01,0.7333,3.06646460176991,0.673992692165813,-3.461706082112704,0.0005367629978387115,1,1,1,0,1
TCGA-A2-A25B-01,2.0168,3.06646460176991,0.673992692165813,-1.557382763894532,0.11937963589395398,0,0,-1,0,0
TCGA-AO-A126-01,1.4875,3.06646460176991,0.673992692165813,-2.3427028514152783,0.019144623721096064,0,0,0,0,0
TCGA-AR-A1AU-01,2.8752,3.06646460176991,0.673992692165813,-0.2837784504091567,0.7765801699925213,0,0,0,0,0
TCGA-B6-A0RT-01,0.6281,3.06646460176991,0.673992692165813,-3.617790860512822,0.0002971283348011263,1,1,0,0,1
TCGA-BH-A0BQ-01,0.7769,3.06646460176991,0.673992692165813,-3.3970169534221606,0.0006812474620218893,1,1,0,0,1
TCGA-BH-A18M-01,1.1566,3.06646460176991,0.673992692165813,-2.8336577294818097,0.004601859149366318,1,1,0,0,1
TCGA-EW-A2FV-01,1.5885,3.06646460176991,0.673992692165813,-2.1928495945862676,0.028318217362344703,0,0,-1,0,0
TCGA-OL-A66O-01,0.0,3.06646460176991,0.673992692165813,-4.549700074515809,5.372243278650406e-06,1,1,0,0,1
TCGA-AO-A124-01,3.2468,3.06646460176991,0.673992692165813,0.26756283907262945,0.7890358383952331,0,0,0,0,0
TCGA-AR-A24M-01,1.4879,3.06646460176991,0.673992692165813,-2.3421093731704112,0.01917509474126312,0,0,0,0,0
TCGA-BH-A0E0-01,2.7182,3.06646460176991,0.673992692165813,-0.5167186615195993,0.6053525670660918,0,0,0,0,0
TCGA-BH-A1EW-01,2.0076,3.06646460176991,0.673992692165813,-1.5710327635264811,0.11617503867567369,0,0,0,0,0
TCGA-C8-A1HL-01,0.8522,3.06646460176991,0.673992692165813,-3.285294673825878,0.0010187576441541854,1,1,-1,0,1
TCGA-E2-A15H-01,1.2372,3.06646460176991,0.673992692165813,-2.7140718631410348,0.006646174699429475,0,0,0,0,0
TCGA-E9-A22D-01,0.8944,3.06646460176991,0.673992692165813,-3.2226827189923704,0.001269961388852961,1,1,0,0,1
TCGA-EW-A1IY-01,2.1666,3.06646460176991,0.673992692165813,-1.335125161191702,0.18183538566979213,0,0,0,0,0
TCGA-EW-A1J1-01,1.0614,3.06646460176991,0.673992692165813,-2.974905551760244,0.0029307876853626744,1,1,0,0,1
TCGA-A2-A0CL-01,0.0,3.06646460176991,0.673992692165813,-4.549700074515809,5.372243278650406e-06,1,1,0,0,1
TCGA-A2-A0T3-01,1.3668,3.06646460176991,0.673992692165813,-2.521784911804007,0.011676107777999408,0,0,0,0,0
TCGA-A7-A0D9-01,1.6451,3.06646460176991,0.673992692165813,-2.1088724229375346,0.034955595149192616,0,0,0,0,0
TCGA-E2-A14N-01,1.3119,3.06646460176991,0.673992692165813,-2.6032398009120534,0.009234733614324368,0,0,1,0,0
TCGA-E2-A1IO-01,2.2274,3.06646460176991,0.673992692165813,-1.2449164679718618,0.21316245685546048,0,0,0,0,0
TCGA-E9-A229-01,0.9865,3.06646460176991,0.673992692165813,-3.0860343531116587,0.002028453850743413,1,1,0,0,1
TCGA-A2-A04R-01,0.658,3.06646460176991,0.673992692165813,-3.573428361708986,0.00035233766879814326,1,1,-1,0,1
TCGA-AN-A0XW-01,1.5173,3.06646460176991,0.673992692165813,-2.2984887221726593,0.021533989036375316,0,0,0,0,0
TCGA-AO-A12F-01,2.4842,3.06646460176991,0.673992692165813,-0.8639034347670105,0.3876409398246124,0,0,1,0,0
TCGA-D8-A27N-01,1.4624,3.06646460176991,0.673992692165813,-2.379943611280706,0.017315287481969976,0,0,0,0,0
TCGA-OL-A66I-01,1.553,3.06646460176991,0.673992692165813,-2.2455207888182467,0.02473471919163133,0,0,0,0,0
TCGA-A2-A3XU-01,1.2148,3.06646460176991,0.673992692165813,-2.7473066448536074,0.006008692652970399,0,0,1,0,0
TCGA-BH-A0BL-01,2.4032,3.06646460176991,0.673992692165813,-0.9840827793526528,0.32507481328859,0,0,-1,0,0
TCGA-E2-A14Y-01,1.3871,3.06646460176991,0.673992692165813,-2.4916658908769884,0.012714557677735503,0,0,0,0,0
TCGA-PL-A8LX-01,1.2788,3.06646460176991,0.673992692165813,-2.6523501256748285,0.007993360586209296,0,0,-1,0,0
TCGA-A2-A25E-01,1.4091,3.06646460176991,0.673992692165813,-2.459024587409283,0.013931507623271536,0,0,0,0,0
TCGA-BH-A1FN-01,2.3548,3.06646460176991,0.673992692165813,-1.0558936469816045,0.2910168069507719,0,0,2,1,0
TCGA-C8-A137-01,1.6701,3.06646460176991,0.673992692165813,-2.0717800326333244,0.03828595963006611,0,0,0,0,0
TCGA-C8-A1HO-01,1.6348,3.06646460176991,0.673992692165813,-2.1241544877428695,0.03365722751543984,0,0,0,0,0
TCGA-D8-A1XL-01,1.0043,3.06646460176991,0.673992692165813,-3.0596245712150614,0.002216146028196823,1,1,0,0,1
TCGA-E2-A15S-01,1.8272,3.06646460176991,0.673992692165813,-1.838691451961665,0.06596058140791931,0,0,0,0,0
TCGA-EW-A6S9-01,2.3383,3.06646460176991,0.673992692165813,-1.0803746245823838,0.2799753909767435,0,0,0,0,0
TCGA-E9-A3QA-01,1.0558,3.06646460176991,0.673992692165813,-2.983214247188387,0.0028523824860034455,1,1,1,0,1
TCGA-EW-A6SD-01,2.2024,3.06646460176991,0.673992692165813,-1.2820088582760725,0.19983953880570693,0,0,-1,0,0
TCGA-AO-A03U-01,2.6348,3.06646460176991,0.673992692165813,-0.6404588755744461,0.5218743169318616,0,0,0,0,0
TCGA-BH-A0HA-01,0.7701,3.06646460176991,0.673992692165813,-3.4071060835849054,0.0006565560347848984,1,1,0,0,1
TCGA-BH-A1FE-01,1.7835,3.06646460176991,0.673992692165813,-1.903528950213425,0.05697155981424136,0,0,-1,0,0
TCGA-BH-A0DG-01,2.5612,3.06646460176991,0.673992692165813,-0.7496588726300419,0.4534601834744903,0,0,0,0,0
TCGA-PL-A8LY-01,2.0958,3.06646460176991,0.673992692165813,-1.440170810533226,0.14981907930748978,0,0,0,0,0
TCGA-AO-A03M-01,2.3855,3.06646460176991,0.673992692165813,-1.010344191688034,0.3123304157119595,0,0,0,0,0
TCGA-AO-A129-01,1.566,3.06646460176991,0.673992692165813,-2.2262327458600573,0.02599859564140135,0,0,0,0,0
TCGA-C8-A273-01,2.0104,3.06646460176991,0.673992692165813,-1.5668784158124094,0.11714311369542509,0,0,0,0,0
TCGA-PL-A8LZ-01,1.906,3.06646460176991,0.673992692165813,-1.7217762377227932,0.08511006069935567,0,0,1,0,0
TCGA-S3-A6ZH-01,2.4266,3.06646460176991,0.673992692165813,-0.9493643020279116,0.3424353598036884,0,0,-1,0,0
TCGA-E9-A1NE-01,1.7613,3.06646460176991,0.673992692165813,-1.9364669928035638,0.052810531358954575,0,0,1,0,0
TCGA-AR-A0TQ-01,1.9609,3.06646460176991,0.673992692165813,-1.6403213486147465,0.10093836904459971,0,0,-1,0,0
TCGA-AR-A24L-01,1.754,3.06646460176991,0.673992692165813,-1.9472979707723934,0.051499021859588746,0,0,0,0,0
TCGA-A7-A26E-01,0.883294981615,3.06646460176991,0.673992692165813,-3.2391591860432447,0.0011988264434852009,1,1,-1,0,1
TCGA-A7-A13E-01,3.60031890298,3.06646460176991,0.673992692165813,0.79207728424265,0.42831561437678706,0,0,0,0,0
TCGA-A7-A0DB-01,1.45216556536,3.06646460176991,0.673992692165813,-2.395128397049098,0.016614546032494546,0,0,0,0,0
TCGA-A7-A26J-01,1.94052272125,3.06646460176991,0.673992692165813,-1.6705550276840544,0.09480960173848692,0,0,0,0,0
TCGA-A7-A13D-01,3.03091333221,3.06646460176991,0.673992692165813,-0.05274726265305574,0.9579332812627309,0,0,1,0,0
